-- phpMyAdmin SQL Dump
-- version 5.1.0
-- https://www.phpmyadmin.net/
--
-- Host: 127.0.0.1
-- Generation Time: Aug 17, 2021 at 07:51 PM
-- Server version: 10.4.18-MariaDB
-- PHP Version: 7.4.16

SET SQL_MODE = "NO_AUTO_VALUE_ON_ZERO";
START TRANSACTION;
SET time_zone = "+00:00";


/*!40101 SET @OLD_CHARACTER_SET_CLIENT=@@CHARACTER_SET_CLIENT */;
/*!40101 SET @OLD_CHARACTER_SET_RESULTS=@@CHARACTER_SET_RESULTS */;
/*!40101 SET @OLD_COLLATION_CONNECTION=@@COLLATION_CONNECTION */;
/*!40101 SET NAMES utf8mb4 */;

--
-- Database: `dev_server`
--

-- --------------------------------------------------------

--
-- Table structure for table `actual_wbs`
--

CREATE TABLE `actual_wbs` (
  `id` bigint(20) UNSIGNED NOT NULL,
  `itemName` varchar(255) COLLATE utf8mb4_unicode_ci NOT NULL,
  `parentItem` varchar(255) COLLATE utf8mb4_unicode_ci DEFAULT NULL,
  `hasChild` text COLLATE utf8mb4_unicode_ci DEFAULT NULL,
  `qty` bigint(20) DEFAULT NULL,
  `price` bigint(20) DEFAULT NULL,
  `startDate` date NOT NULL,
  `endDate` date NOT NULL,
  `amount` bigint(20) DEFAULT NULL,
  `weight` double(15,8) DEFAULT NULL,
  `ProjectID` int(10) UNSIGNED DEFAULT NULL,
  `unitID` bigint(20) UNSIGNED DEFAULT NULL,
  `contractorID` bigint(20) UNSIGNED DEFAULT NULL,
  `CurrencyID` bigint(20) UNSIGNED DEFAULT NULL,
  `level` int(11) NOT NULL,
  `parentLevel` int(11) NOT NULL,
  `created_at` timestamp NULL DEFAULT NULL,
  `updated_at` timestamp NULL DEFAULT NULL,
  `Created_By` int(11) NOT NULL
) ENGINE=InnoDB DEFAULT CHARSET=utf8mb4 COLLATE=utf8mb4_unicode_ci;

-- --------------------------------------------------------

--
-- Table structure for table `baselineboq`
--

CREATE TABLE `baselineboq` (
  `id` bigint(20) UNSIGNED NOT NULL,
  `itemName` varchar(255) COLLATE utf8mb4_unicode_ci NOT NULL,
  `parentItem` varchar(255) COLLATE utf8mb4_unicode_ci DEFAULT NULL,
  `hasChild` text COLLATE utf8mb4_unicode_ci DEFAULT NULL,
  `qty` int(11) DEFAULT NULL,
  `price` bigint(20) DEFAULT NULL,
  `amount` bigint(20) DEFAULT NULL,
  `weight` double(15,8) DEFAULT NULL,
  `ProjectID` int(10) UNSIGNED DEFAULT NULL,
  `unitID` bigint(20) UNSIGNED DEFAULT NULL,
  `contractorID` bigint(20) UNSIGNED DEFAULT NULL,
  `CurrencyID` bigint(20) UNSIGNED DEFAULT NULL,
  `level` int(11) NOT NULL,
  `parentLevel` int(11) NOT NULL,
  `created_at` timestamp NULL DEFAULT NULL,
  `updated_at` timestamp NULL DEFAULT NULL,
  `Created_By` int(11) NOT NULL
) ENGINE=InnoDB DEFAULT CHARSET=utf8mb4 COLLATE=utf8mb4_unicode_ci;

-- --------------------------------------------------------

--
-- Table structure for table `baseline_wbs`
--

CREATE TABLE `baseline_wbs` (
  `id` bigint(20) UNSIGNED NOT NULL,
  `itemName` varchar(255) COLLATE utf8mb4_unicode_ci NOT NULL,
  `parentItem` varchar(255) COLLATE utf8mb4_unicode_ci DEFAULT NULL,
  `hasChild` text COLLATE utf8mb4_unicode_ci DEFAULT NULL,
  `qty` bigint(20) DEFAULT NULL,
  `price` bigint(20) DEFAULT NULL,
  `startDate` date NOT NULL,
  `endDate` date NOT NULL,
  `amount` bigint(20) DEFAULT NULL,
  `weight` double(15,8) DEFAULT NULL,
  `ProjectID` int(10) UNSIGNED DEFAULT NULL,
  `unitID` bigint(20) UNSIGNED DEFAULT NULL,
  `contractorID` bigint(20) UNSIGNED DEFAULT NULL,
  `CurrencyID` bigint(20) UNSIGNED DEFAULT NULL,
  `level` int(11) NOT NULL,
  `parentLevel` int(11) NOT NULL,
  `created_at` timestamp NULL DEFAULT NULL,
  `updated_at` timestamp NULL DEFAULT NULL,
  `Created_By` int(11) NOT NULL
) ENGINE=InnoDB DEFAULT CHARSET=utf8mb4 COLLATE=utf8mb4_unicode_ci;

-- --------------------------------------------------------

--
-- Table structure for table `bussinesspartner`
--

CREATE TABLE `bussinesspartner` (
  `id` bigint(20) UNSIGNED NOT NULL,
  `BussinessName` varchar(255) COLLATE utf8mb4_unicode_ci NOT NULL,
  `BussinessTypeID` int(10) UNSIGNED NOT NULL,
  `Address` varchar(255) COLLATE utf8mb4_unicode_ci NOT NULL,
  `CountryID` int(11) NOT NULL,
  `CityID` int(11) NOT NULL,
  `Phone` bigint(20) NOT NULL,
  `Fax` bigint(20) NOT NULL,
  `MobilePhone` bigint(20) NOT NULL,
  `Email` varchar(255) COLLATE utf8mb4_unicode_ci NOT NULL,
  `Web` varchar(255) COLLATE utf8mb4_unicode_ci NOT NULL,
  `created_at` timestamp NULL DEFAULT NULL,
  `updated_at` timestamp NULL DEFAULT NULL
) ENGINE=InnoDB DEFAULT CHARSET=utf8mb4 COLLATE=utf8mb4_unicode_ci;

--
-- Dumping data for table `bussinesspartner`
--

INSERT INTO `bussinesspartner` (`id`, `BussinessName`, `BussinessTypeID`, `Address`, `CountryID`, `CityID`, `Phone`, `Fax`, `MobilePhone`, `Email`, `Web`, `created_at`, `updated_at`) VALUES
(1, 'Adhi Karya', 1, 'Jl. Pasar Minggu No.18 ', 9, 465, 217975312, 217975312, 2147483647, 'adhi@adhi.co.id', 'adhi.co.id', '2021-08-16 11:35:27', '2021-08-16 11:35:27'),
(3, 'Indra Karya', 2, 'HK Tower Lantai 9 Jl. Biru Laut X Kav. IX', 9, 465, 218192636, 218192636, 2147483647, 'indrakarya@karya.co.id', 'indrakarya.co.id', '2021-08-16 11:38:57', '2021-08-16 11:38:57'),
(4, 'Jasa Marga', 3, 'Plaza Tol Taman Mini Indonesia Indah Jakarta', 9, 465, 222000868, 222000868, 2147483647, 'jasamarga@jasa.co.id', 'jasamarga.co.id', '2021-08-16 11:42:58', '2021-08-16 11:42:58');

-- --------------------------------------------------------

--
-- Table structure for table `bussiness_types`
--

CREATE TABLE `bussiness_types` (
  `id` int(10) UNSIGNED NOT NULL,
  `BussinessTypeName` varchar(255) COLLATE utf8mb4_unicode_ci NOT NULL,
  `created_at` timestamp NULL DEFAULT NULL,
  `updated_at` timestamp NULL DEFAULT NULL
) ENGINE=InnoDB DEFAULT CHARSET=utf8mb4 COLLATE=utf8mb4_unicode_ci;

--
-- Dumping data for table `bussiness_types`
--

INSERT INTO `bussiness_types` (`id`, `BussinessTypeName`, `created_at`, `updated_at`) VALUES
(1, 'Contractor', '2021-07-06 07:18:29', '2021-07-06 07:18:29'),
(2, 'Consultant', '2021-07-06 07:18:44', '2021-07-06 07:18:44'),
(3, 'Project Owner', '2021-08-04 03:43:08', '2021-08-04 03:43:08');

-- --------------------------------------------------------

--
-- Table structure for table `city`
--

CREATE TABLE `city` (
  `id` bigint(20) UNSIGNED NOT NULL,
  `CountryID` int(10) UNSIGNED NOT NULL,
  `CityName` varchar(255) COLLATE utf8mb4_unicode_ci NOT NULL,
  `created_at` timestamp NULL DEFAULT NULL,
  `updated_at` timestamp NULL DEFAULT NULL
) ENGINE=InnoDB DEFAULT CHARSET=utf8mb4 COLLATE=utf8mb4_unicode_ci;

--
-- Dumping data for table `city`
--

INSERT INTO `city` (`id`, `CountryID`, `CityName`, `created_at`, `updated_at`) VALUES
(1, 1, 'Herat', '2021-06-27 11:29:29', '2021-06-27 11:29:29'),
(2, 1, 'Kabul', '2021-06-27 11:29:29', '2021-06-27 11:29:29'),
(3, 1, 'Kandahar', '2021-06-27 11:29:29', '2021-06-27 11:29:29'),
(4, 1, 'Molah', '2021-06-27 11:29:29', '2021-06-27 11:29:29'),
(5, 1, 'Rana', '2021-06-27 11:29:29', '2021-06-27 11:29:29'),
(6, 1, 'Shar', '2021-06-27 11:29:29', '2021-06-27 11:29:29'),
(7, 1, 'Sharif', '2021-06-27 11:29:30', '2021-06-27 11:29:30'),
(8, 1, 'Wazir Akbar Khan', '2021-06-27 11:29:30', '2021-06-27 11:29:30'),
(9, 2, 'Elbasan', '2021-06-27 11:29:30', '2021-06-27 11:29:30'),
(10, 2, 'Petran', '2021-06-27 11:29:30', '2021-06-27 11:29:30'),
(11, 2, 'Pogradec', '2021-06-27 11:29:31', '2021-06-27 11:29:31'),
(12, 2, 'Shkoder', '2021-06-27 11:29:31', '2021-06-27 11:29:31'),
(13, 2, 'Tirana', '2021-06-27 11:29:31', '2021-06-27 11:29:31'),
(14, 2, 'Ura Vajgurore', '2021-06-27 11:29:31', '2021-06-27 11:29:31'),
(15, 3, 'Algiers', '2021-06-27 11:29:32', '2021-06-27 11:29:32'),
(16, 3, 'Annaba', '2021-06-27 11:29:32', '2021-06-27 11:29:32'),
(17, 3, 'Azazga', '2021-06-27 11:29:32', '2021-06-27 11:29:32'),
(18, 3, 'Batna City', '2021-06-27 11:29:32', '2021-06-27 11:29:32'),
(19, 3, 'Blida', '2021-06-27 11:29:32', '2021-06-27 11:29:32'),
(20, 3, 'Bordj', '2021-06-27 11:29:32', '2021-06-27 11:29:32'),
(21, 3, 'Bordj Bou Arreridj', '2021-06-27 11:29:32', '2021-06-27 11:29:32'),
(22, 3, 'Bougara', '2021-06-27 11:29:32', '2021-06-27 11:29:32'),
(23, 3, 'Cheraga', '2021-06-27 11:29:32', '2021-06-27 11:29:32'),
(24, 3, 'Chlef', '2021-06-27 11:29:33', '2021-06-27 11:29:33'),
(25, 3, 'Constantine', '2021-06-27 11:29:33', '2021-06-27 11:29:33'),
(26, 3, 'Djelfa', '2021-06-27 11:29:33', '2021-06-27 11:29:33'),
(27, 3, 'Draria', '2021-06-27 11:29:33', '2021-06-27 11:29:33'),
(28, 3, 'El Tarf', '2021-06-27 11:29:33', '2021-06-27 11:29:33'),
(29, 3, 'Hussein Dey', '2021-06-27 11:29:33', '2021-06-27 11:29:33'),
(30, 3, 'Illizi', '2021-06-27 11:29:33', '2021-06-27 11:29:33'),
(31, 3, 'Jijel', '2021-06-27 11:29:33', '2021-06-27 11:29:33'),
(32, 3, 'Kouba', '2021-06-27 11:29:33', '2021-06-27 11:29:33'),
(33, 3, 'Laghouat', '2021-06-27 11:29:33', '2021-06-27 11:29:33'),
(34, 3, 'Oran', '2021-06-27 11:29:34', '2021-06-27 11:29:34'),
(35, 3, 'Ouargla', '2021-06-27 11:29:34', '2021-06-27 11:29:34'),
(36, 3, 'Oued Smar', '2021-06-27 11:29:34', '2021-06-27 11:29:34'),
(37, 3, 'Relizane', '2021-06-27 11:29:34', '2021-06-27 11:29:34'),
(38, 3, 'Rouiba', '2021-06-27 11:29:34', '2021-06-27 11:29:34'),
(39, 3, 'Saida', '2021-06-27 11:29:34', '2021-06-27 11:29:34'),
(40, 3, 'Souk Ahras', '2021-06-27 11:29:34', '2021-06-27 11:29:34'),
(41, 3, 'Tamanghasset', '2021-06-27 11:29:34', '2021-06-27 11:29:34'),
(42, 3, 'Tiaret', '2021-06-27 11:29:34', '2021-06-27 11:29:34'),
(43, 3, 'Tissemsilt', '2021-06-27 11:29:34', '2021-06-27 11:29:34'),
(44, 3, 'Tizi', '2021-06-27 11:29:35', '2021-06-27 11:29:35'),
(45, 3, 'Tizi Ouzou', '2021-06-27 11:29:35', '2021-06-27 11:29:35'),
(46, 3, 'Tlemcen', '2021-06-27 11:29:35', '2021-06-27 11:29:35'),
(47, 4, 'Andorra la Vella', '2021-06-27 11:29:35', '2021-06-27 11:29:35'),
(48, 4, 'Canillo', '2021-06-27 11:29:36', '2021-06-27 11:29:36'),
(49, 4, 'Encamp', '2021-06-27 11:29:36', '2021-06-27 11:29:36'),
(50, 4, 'Engordany', '2021-06-27 11:29:36', '2021-06-27 11:29:36'),
(51, 4, 'Escaldes-Engordany', '2021-06-27 11:29:36', '2021-06-27 11:29:36'),
(52, 4, 'La Massana', '2021-06-27 11:29:36', '2021-06-27 11:29:36'),
(53, 4, 'Llorts', '2021-06-27 11:29:36', '2021-06-27 11:29:36'),
(54, 4, 'Ordino', '2021-06-27 11:29:36', '2021-06-27 11:29:36'),
(55, 4, 'Santa Coloma', '2021-06-27 11:29:36', '2021-06-27 11:29:36'),
(56, 4, 'Sispony', '2021-06-27 11:29:36', '2021-06-27 11:29:36'),
(57, 4, 'Soldeu', '2021-06-27 11:29:36', '2021-06-27 11:29:36'),
(58, 5, 'Ambriz', '2021-06-27 11:29:37', '2021-06-27 11:29:37'),
(59, 5, 'Benguela', '2021-06-27 11:29:37', '2021-06-27 11:29:37'),
(60, 5, 'Cabinda', '2021-06-27 11:29:37', '2021-06-27 11:29:37'),
(61, 5, 'Cacole', '2021-06-27 11:29:37', '2021-06-27 11:29:37'),
(62, 5, 'Camabatela', '2021-06-27 11:29:38', '2021-06-27 11:29:38'),
(63, 5, 'Cazeta', '2021-06-27 11:29:38', '2021-06-27 11:29:38'),
(64, 5, 'Huambo', '2021-06-27 11:29:38', '2021-06-27 11:29:38'),
(65, 5, 'Kuito', '2021-06-27 11:29:38', '2021-06-27 11:29:38'),
(66, 5, 'Lobito', '2021-06-27 11:29:38', '2021-06-27 11:29:38'),
(67, 5, 'Luanda', '2021-06-27 11:29:38', '2021-06-27 11:29:38'),
(68, 5, 'Lubango', '2021-06-27 11:29:38', '2021-06-27 11:29:38'),
(69, 5, 'Lucapa', '2021-06-27 11:29:38', '2021-06-27 11:29:38'),
(70, 5, 'Lumeje', '2021-06-27 11:29:38', '2021-06-27 11:29:38'),
(71, 5, 'Malanje', '2021-06-27 11:29:38', '2021-06-27 11:29:38'),
(72, 5, 'Menongue', '2021-06-27 11:29:39', '2021-06-27 11:29:39'),
(73, 5, 'Muxaluando', '2021-06-27 11:29:39', '2021-06-27 11:29:39'),
(74, 5, 'Namibe', '2021-06-27 11:29:39', '2021-06-27 11:29:39'),
(75, 5, 'Ondjiva', '2021-06-27 11:29:39', '2021-06-27 11:29:39'),
(76, 5, 'Piri', '2021-06-27 11:29:39', '2021-06-27 11:29:39'),
(77, 5, 'Saurimo', '2021-06-27 11:29:39', '2021-06-27 11:29:39'),
(78, 5, 'Talatona', '2021-06-27 11:29:39', '2021-06-27 11:29:39'),
(79, 6, 'The Valley', '2021-06-27 11:29:40', '2021-06-27 11:29:40'),
(80, 6, 'Blowing Point Village', '2021-06-27 11:29:40', '2021-06-27 11:29:40'),
(81, 6, 'Sandy Ground Village', '2021-06-27 11:29:40', '2021-06-27 11:29:40'),
(82, 6, 'Sandy Hill', '2021-06-27 11:29:40', '2021-06-27 11:29:40'),
(83, 6, 'East End Village', '2021-06-27 11:29:40', '2021-06-27 11:29:40'),
(84, 6, 'George Hill', '2021-06-27 11:29:40', '2021-06-27 11:29:40'),
(85, 6, 'Island Harbour', '2021-06-27 11:29:40', '2021-06-27 11:29:40'),
(86, 6, 'North Hill Village', '2021-06-27 11:29:41', '2021-06-27 11:29:41'),
(87, 6, 'North Side', '2021-06-27 11:29:41', '2021-06-27 11:29:41'),
(88, 6, 'South Hill Village', '2021-06-27 11:29:41', '2021-06-27 11:29:41'),
(89, 6, 'Stoney Ground', '2021-06-27 11:29:41', '2021-06-27 11:29:41'),
(90, 6, 'Farrington', '2021-06-27 11:29:41', '2021-06-27 11:29:41'),
(91, 6, 'The Quarter', '2021-06-27 11:29:41', '2021-06-27 11:29:41'),
(92, 6, 'West End Village', '2021-06-27 11:29:41', '2021-06-27 11:29:41'),
(93, 7, 'All Saints', '2021-06-27 11:29:42', '2021-06-27 11:29:42'),
(94, 7, 'Cassada Gardens', '2021-06-27 11:29:42', '2021-06-27 11:29:42'),
(95, 7, 'Codrington', '2021-06-27 11:29:42', '2021-06-27 11:29:42'),
(96, 7, 'Old Road', '2021-06-27 11:29:42', '2021-06-27 11:29:42'),
(97, 7, 'Parham', '2021-06-27 11:29:42', '2021-06-27 11:29:42'),
(98, 7, 'Woods', '2021-06-27 11:29:43', '2021-06-27 11:29:43'),
(99, 8, '28 de Noviembre', '2021-06-27 11:29:43', '2021-06-27 11:29:43'),
(100, 8, 'Abasto', '2021-06-27 11:29:43', '2021-06-27 11:29:43'),
(101, 8, 'Acassuso', '2021-06-27 11:29:44', '2021-06-27 11:29:44'),
(102, 8, 'Acebal', '2021-06-27 11:29:44', '2021-06-27 11:29:44'),
(103, 8, 'Acevedo', '2021-06-27 11:29:44', '2021-06-27 11:29:44'),
(104, 8, 'Adelia Maria', '2021-06-27 11:29:44', '2021-06-27 11:29:44'),
(105, 8, 'Agua de Oro', '2021-06-27 11:29:44', '2021-06-27 11:29:44'),
(106, 8, 'Albardon', '2021-06-27 11:29:44', '2021-06-27 11:29:44'),
(107, 8, 'Albarellos', '2021-06-27 11:29:44', '2021-06-27 11:29:44'),
(108, 8, 'Alberdi', '2021-06-27 11:29:44', '2021-06-27 11:29:44'),
(109, 8, 'Alberti', '2021-06-27 11:29:44', '2021-06-27 11:29:44'),
(110, 8, 'Aldo Bonzi', '2021-06-27 11:29:44', '2021-06-27 11:29:44'),
(111, 8, 'Alejandro Korn', '2021-06-27 11:29:44', '2021-06-27 11:29:44'),
(112, 8, 'Alicia', '2021-06-27 11:29:45', '2021-06-27 11:29:45'),
(113, 8, 'Allen', '2021-06-27 11:29:45', '2021-06-27 11:29:45'),
(114, 8, 'Almafuerte', '2021-06-27 11:29:45', '2021-06-27 11:29:45'),
(115, 8, 'Almagro', '2021-06-27 11:29:45', '2021-06-27 11:29:45'),
(116, 8, 'Almirante Brown', '2021-06-27 11:29:45', '2021-06-27 11:29:45'),
(117, 8, 'Alta Gracia', '2021-06-27 11:29:45', '2021-06-27 11:29:45'),
(118, 8, 'Alta Italia', '2021-06-27 11:29:45', '2021-06-27 11:29:45'),
(119, 8, 'Alvarez', '2021-06-27 11:29:45', '2021-06-27 11:29:45'),
(120, 8, 'Alvear', '2021-06-27 11:29:45', '2021-06-27 11:29:45'),
(121, 8, 'Anatuya', '2021-06-27 11:29:45', '2021-06-27 11:29:45'),
(122, 8, 'Angelica', '2021-06-27 11:29:46', '2021-06-27 11:29:46'),
(123, 8, 'Antonio Carboni', '2021-06-27 11:29:46', '2021-06-27 11:29:46'),
(124, 8, 'Apostoles', '2021-06-27 11:29:46', '2021-06-27 11:29:46'),
(125, 8, 'Arequito', '2021-06-27 11:29:46', '2021-06-27 11:29:46'),
(126, 8, 'Armstrong', '2021-06-27 11:29:46', '2021-06-27 11:29:46'),
(127, 8, 'Arrecifes', '2021-06-27 11:29:46', '2021-06-27 11:29:46'),
(128, 8, 'Arroyito', '2021-06-27 11:29:46', '2021-06-27 11:29:46'),
(129, 8, 'Arroyito Challaco', '2021-06-27 11:29:46', '2021-06-27 11:29:46'),
(130, 8, 'Arroyo Seco', '2021-06-27 11:29:46', '2021-06-27 11:29:46'),
(131, 8, 'Arteaga', '2021-06-27 11:29:47', '2021-06-27 11:29:47'),
(132, 8, 'Asamblea', '2021-06-27 11:29:47', '2021-06-27 11:29:47'),
(133, 8, 'Ascension', '2021-06-27 11:29:47', '2021-06-27 11:29:47'),
(134, 8, 'Avellaneda', '2021-06-27 11:29:47', '2021-06-27 11:29:47'),
(135, 8, 'Ayacucho', '2021-06-27 11:29:47', '2021-06-27 11:29:47'),
(136, 8, 'Azara', '2021-06-27 11:29:47', '2021-06-27 11:29:47'),
(137, 8, 'Azul', '2021-06-27 11:29:47', '2021-06-27 11:29:47'),
(138, 8, 'Balcarce', '2021-06-27 11:29:48', '2021-06-27 11:29:48'),
(139, 8, 'Balnearia', '2021-06-27 11:29:48', '2021-06-27 11:29:48'),
(140, 8, 'Banda del Rio Sali', '2021-06-27 11:29:48', '2021-06-27 11:29:48'),
(141, 8, 'Bandera', '2021-06-27 11:29:48', '2021-06-27 11:29:48'),
(142, 8, 'Banfield', '2021-06-27 11:29:48', '2021-06-27 11:29:48'),
(143, 8, 'Baradero', '2021-06-27 11:29:48', '2021-06-27 11:29:48'),
(144, 8, 'Bariloche', '2021-06-27 11:29:48', '2021-06-27 11:29:48'),
(145, 8, 'Barrio Fisherton', '2021-06-27 11:29:48', '2021-06-27 11:29:48'),
(146, 8, 'Batan', '2021-06-27 11:29:48', '2021-06-27 11:29:48'),
(147, 8, 'Beccar', '2021-06-27 11:29:48', '2021-06-27 11:29:48'),
(148, 8, 'Belen de Escobar', '2021-06-27 11:29:49', '2021-06-27 11:29:49'),
(149, 8, 'Belgrano', '2021-06-27 11:29:49', '2021-06-27 11:29:49'),
(150, 8, 'Bell Ville', '2021-06-27 11:29:49', '2021-06-27 11:29:49'),
(151, 8, 'Bella Vista', '2021-06-27 11:29:49', '2021-06-27 11:29:49'),
(152, 8, 'Benavidez', '2021-06-27 11:29:49', '2021-06-27 11:29:49'),
(153, 8, 'Berazategui', '2021-06-27 11:29:49', '2021-06-27 11:29:49'),
(154, 8, 'Berisso', '2021-06-27 11:29:49', '2021-06-27 11:29:49'),
(155, 8, 'Bernal', '2021-06-27 11:29:49', '2021-06-27 11:29:49'),
(156, 8, 'Bernardo Larroude', '2021-06-27 11:29:49', '2021-06-27 11:29:49'),
(157, 8, 'Bernasconi', '2021-06-27 11:29:50', '2021-06-27 11:29:50'),
(158, 8, 'Bigand', '2021-06-27 11:29:50', '2021-06-27 11:29:50'),
(159, 8, 'Bombal', '2021-06-27 11:29:50', '2021-06-27 11:29:50'),
(160, 8, 'Bordenave', '2021-06-27 11:29:50', '2021-06-27 11:29:50'),
(161, 8, 'Bosch', '2021-06-27 11:29:50', '2021-06-27 11:29:50'),
(162, 8, 'Bosques', '2021-06-27 11:29:50', '2021-06-27 11:29:50'),
(163, 8, 'Boulogne', '2021-06-27 11:29:50', '2021-06-27 11:29:50'),
(164, 8, 'Bovril', '2021-06-27 11:29:50', '2021-06-27 11:29:50'),
(165, 8, 'Bragado', '2021-06-27 11:29:50', '2021-06-27 11:29:50'),
(166, 8, 'Brandsen', '2021-06-27 11:29:50', '2021-06-27 11:29:50'),
(167, 8, 'Brinkmann', '2021-06-27 11:29:51', '2021-06-27 11:29:51'),
(168, 8, 'Buenos Aires', '2021-06-27 11:29:51', '2021-06-27 11:29:51'),
(169, 8, 'Burzaco', '2021-06-27 11:29:51', '2021-06-27 11:29:51'),
(170, 8, 'Bustinza', '2021-06-27 11:29:51', '2021-06-27 11:29:51'),
(171, 8, 'Caballito', '2021-06-27 11:29:51', '2021-06-27 11:29:51'),
(172, 8, 'Calderon', '2021-06-27 11:29:51', '2021-06-27 11:29:51'),
(173, 8, 'Caleta Olivia', '2021-06-27 11:29:51', '2021-06-27 11:29:51'),
(174, 8, 'Caleufu', '2021-06-27 11:29:51', '2021-06-27 11:29:51'),
(175, 8, 'Camilo Aldao', '2021-06-27 11:29:51', '2021-06-27 11:29:51'),
(176, 8, 'Campana', '2021-06-27 11:29:51', '2021-06-27 11:29:51'),
(177, 8, 'Canada de Gomez', '2021-06-27 11:29:52', '2021-06-27 11:29:52'),
(178, 8, 'Canada del Ucle', '2021-06-27 11:29:52', '2021-06-27 11:29:52'),
(179, 8, 'Canada Rosquin', '2021-06-27 11:29:52', '2021-06-27 11:29:52'),
(180, 8, 'Canals', '2021-06-27 11:29:52', '2021-06-27 11:29:52'),
(181, 8, 'Canning', '2021-06-27 11:29:52', '2021-06-27 11:29:52'),
(182, 8, 'Canuelas', '2021-06-27 11:29:52', '2021-06-27 11:29:52'),
(183, 8, 'Capilla del Monte', '2021-06-27 11:29:52', '2021-06-27 11:29:52'),
(184, 8, 'Capilla del Senor', '2021-06-27 11:29:52', '2021-06-27 11:29:52'),
(185, 8, 'Capitan Bermudez', '2021-06-27 11:29:52', '2021-06-27 11:29:52'),
(186, 8, 'Carhue', '2021-06-27 11:29:53', '2021-06-27 11:29:53'),
(187, 8, 'Carlos Casares', '2021-06-27 11:29:53', '2021-06-27 11:29:53'),
(188, 8, 'Carlos Pellegrini', '2021-06-27 11:29:53', '2021-06-27 11:29:53'),
(189, 8, 'Carlos Tejedor', '2021-06-27 11:29:53', '2021-06-27 11:29:53'),
(190, 8, 'Caseros', '2021-06-27 11:29:53', '2021-06-27 11:29:53'),
(191, 8, 'Casilda', '2021-06-27 11:29:53', '2021-06-27 11:29:53'),
(192, 8, 'Castelar', '2021-06-27 11:29:53', '2021-06-27 11:29:53'),
(193, 8, 'Castelli', '2021-06-27 11:29:53', '2021-06-27 11:29:53'),
(194, 8, 'Castillo', '2021-06-27 11:29:53', '2021-06-27 11:29:53'),
(195, 8, 'Catriel', '2021-06-27 11:29:54', '2021-06-27 11:29:54'),
(196, 8, 'Catrilo', '2021-06-27 11:29:54', '2021-06-27 11:29:54'),
(197, 8, 'Cavanagh', '2021-06-27 11:29:54', '2021-06-27 11:29:54'),
(198, 8, 'Centenario', '2021-06-27 11:29:54', '2021-06-27 11:29:54'),
(199, 8, 'Ceres', '2021-06-27 11:29:54', '2021-06-27 11:29:54'),
(200, 8, 'Cervantes', '2021-06-27 11:29:54', '2021-06-27 11:29:54'),
(201, 8, 'Chacabuco', '2021-06-27 11:29:54', '2021-06-27 11:29:54'),
(202, 8, 'Chacarita', '2021-06-27 11:29:54', '2021-06-27 11:29:54'),
(203, 8, 'Chajari', '2021-06-27 11:29:54', '2021-06-27 11:29:54'),
(204, 8, 'Charata', '2021-06-27 11:29:54', '2021-06-27 11:29:54'),
(205, 8, 'Chateaubriand', '2021-06-27 11:29:55', '2021-06-27 11:29:55'),
(206, 8, 'Chilecito', '2021-06-27 11:29:55', '2021-06-27 11:29:55'),
(207, 8, 'Chivilcoy', '2021-06-27 11:29:55', '2021-06-27 11:29:55'),
(208, 8, 'Choele Choel', '2021-06-27 11:29:55', '2021-06-27 11:29:55'),
(209, 8, 'Chorroarin', '2021-06-27 11:29:55', '2021-06-27 11:29:55'),
(210, 8, 'Cinco Saltos', '2021-06-27 11:29:55', '2021-06-27 11:29:55'),
(211, 8, 'Cipolletti', '2021-06-27 11:29:55', '2021-06-27 11:29:55'),
(212, 8, 'City Bell', '2021-06-27 11:29:55', '2021-06-27 11:29:55'),
(213, 8, 'Ciudad General Belgrano', '2021-06-27 11:29:55', '2021-06-27 11:29:55'),
(214, 8, 'Ciudadela', '2021-06-27 11:29:56', '2021-06-27 11:29:56'),
(215, 8, 'Claypole', '2021-06-27 11:29:56', '2021-06-27 11:29:56'),
(216, 8, 'Clorinda', '2021-06-27 11:29:56', '2021-06-27 11:29:56'),
(217, 8, 'Colon', '2021-06-27 11:29:56', '2021-06-27 11:29:56'),
(218, 8, 'Colonia Baron', '2021-06-27 11:29:56', '2021-06-27 11:29:56'),
(219, 8, 'Colonia Caroya', '2021-06-27 11:29:56', '2021-06-27 11:29:56'),
(220, 8, 'Colonia San Miguel Arcangel', '2021-06-27 11:29:56', '2021-06-27 11:29:56'),
(221, 8, 'Comodoro Rivadavia', '2021-06-27 11:29:56', '2021-06-27 11:29:56'),
(222, 8, 'Concepcion', '2021-06-27 11:29:57', '2021-06-27 11:29:57'),
(223, 8, 'Concordia', '2021-06-27 11:29:57', '2021-06-27 11:29:57'),
(224, 8, 'Constituyentes', '2021-06-27 11:29:57', '2021-06-27 11:29:57'),
(225, 8, 'Coronel Dorrego', '2021-06-27 11:29:57', '2021-06-27 11:29:57'),
(226, 8, 'Coronel Martinez de Hoz', '2021-06-27 11:29:57', '2021-06-27 11:29:57'),
(227, 8, 'Coronel Pringles', '2021-06-27 11:29:57', '2021-06-27 11:29:57'),
(228, 8, 'Corral de Bustos', '2021-06-27 11:29:57', '2021-06-27 11:29:57'),
(229, 8, 'Corralitos', '2021-06-27 11:29:57', '2021-06-27 11:29:57'),
(230, 8, 'Corrientes', '2021-06-27 11:29:57', '2021-06-27 11:29:57'),
(231, 8, 'Cosquin', '2021-06-27 11:29:58', '2021-06-27 11:29:58'),
(232, 8, 'Coy Aike', '2021-06-27 11:29:58', '2021-06-27 11:29:58'),
(233, 8, 'Cramer', '2021-06-27 11:29:58', '2021-06-27 11:29:58'),
(234, 8, 'Crespo', '2021-06-27 11:29:58', '2021-06-27 11:29:58'),
(235, 8, 'Cruz del Eje', '2021-06-27 11:29:58', '2021-06-27 11:29:58'),
(236, 8, 'Curuzu Cuatia', '2021-06-27 11:29:58', '2021-06-27 11:29:58'),
(237, 8, 'Cutral-Co', '2021-06-27 11:29:58', '2021-06-27 11:29:58'),
(238, 8, 'Darregueira', '2021-06-27 11:29:58', '2021-06-27 11:29:58'),
(239, 8, 'De Mayo', '2021-06-27 11:29:58', '2021-06-27 11:29:58'),
(240, 8, 'Del Campillo', '2021-06-27 11:29:59', '2021-06-27 11:29:59'),
(241, 8, 'Del Viso', '2021-06-27 11:29:59', '2021-06-27 11:29:59'),
(242, 8, 'Despenaderos', '2021-06-27 11:29:59', '2021-06-27 11:29:59'),
(243, 8, 'Devoto', '2021-06-27 11:29:59', '2021-06-27 11:29:59'),
(244, 8, 'Diaz', '2021-06-27 11:29:59', '2021-06-27 11:29:59'),
(245, 8, 'Diego de Alvear', '2021-06-27 11:29:59', '2021-06-27 11:29:59'),
(246, 8, 'Doblas', '2021-06-27 11:29:59', '2021-06-27 11:29:59'),
(247, 8, 'Dock Sud', '2021-06-27 11:29:59', '2021-06-27 11:29:59'),
(248, 8, 'Dolores', '2021-06-27 11:29:59', '2021-06-27 11:29:59'),
(249, 8, 'Don Bosco', '2021-06-27 11:29:59', '2021-06-27 11:29:59'),
(250, 8, 'Don Torcuato', '2021-06-27 11:30:00', '2021-06-27 11:30:00'),
(251, 8, 'Drabble', '2021-06-27 11:30:00', '2021-06-27 11:30:00'),
(252, 8, 'Eduardo Castex', '2021-06-27 11:30:00', '2021-06-27 11:30:00'),
(253, 8, 'El Calafate', '2021-06-27 11:30:00', '2021-06-27 11:30:00'),
(254, 8, 'El Dorado', '2021-06-27 11:30:00', '2021-06-27 11:30:00'),
(255, 8, 'El Hoyo', '2021-06-27 11:30:00', '2021-06-27 11:30:00'),
(256, 8, 'El Palomar', '2021-06-27 11:30:00', '2021-06-27 11:30:00'),
(257, 8, 'El Talar', '2021-06-27 11:30:00', '2021-06-27 11:30:00'),
(258, 8, 'Eldorado', '2021-06-27 11:30:01', '2021-06-27 11:30:01'),
(259, 8, 'El Trebol', '2021-06-27 11:30:01', '2021-06-27 11:30:01'),
(260, 8, 'Embalse', '2021-06-27 11:30:01', '2021-06-27 11:30:01'),
(261, 8, 'Empalme Lobos', '2021-06-27 11:30:01', '2021-06-27 11:30:01'),
(262, 8, 'Ensenada', '2021-06-27 11:30:01', '2021-06-27 11:30:01'),
(263, 8, 'Esperanza', '2021-06-27 11:30:01', '2021-06-27 11:30:01'),
(264, 8, 'Esquel', '2021-06-27 11:30:01', '2021-06-27 11:30:01'),
(265, 8, 'Esteban Echeverria', '2021-06-27 11:30:01', '2021-06-27 11:30:01'),
(266, 8, 'Ezeiza', '2021-06-27 11:30:01', '2021-06-27 11:30:01'),
(267, 8, 'Ezpeleta', '2021-06-27 11:30:02', '2021-06-27 11:30:02'),
(268, 8, 'Famailla', '2021-06-27 11:30:02', '2021-06-27 11:30:02'),
(269, 8, 'Fatima', '2021-06-27 11:30:02', '2021-06-27 11:30:02'),
(270, 8, 'Federal', '2021-06-27 11:30:02', '2021-06-27 11:30:02'),
(271, 8, 'Fernandez', '2021-06-27 11:30:02', '2021-06-27 11:30:02'),
(272, 8, 'Firmat', '2021-06-27 11:30:02', '2021-06-27 11:30:02'),
(273, 8, 'Florencio Varela', '2021-06-27 11:30:02', '2021-06-27 11:30:02'),
(274, 8, 'Florentino Ameghino', '2021-06-27 11:30:02', '2021-06-27 11:30:02'),
(275, 8, 'Flores', '2021-06-27 11:30:02', '2021-06-27 11:30:02'),
(276, 8, 'Floresta', '2021-06-27 11:30:02', '2021-06-27 11:30:02'),
(277, 8, 'Florida', '2021-06-27 11:30:03', '2021-06-27 11:30:03'),
(278, 8, 'Formosa', '2021-06-27 11:30:03', '2021-06-27 11:30:03'),
(279, 8, 'Francisco Alvarez', '2021-06-27 11:30:03', '2021-06-27 11:30:03'),
(280, 8, 'Franck', '2021-06-27 11:30:03', '2021-06-27 11:30:03'),
(281, 8, 'Fray Luis A. Beltran', '2021-06-27 11:30:03', '2021-06-27 11:30:03'),
(282, 8, 'Freyre', '2021-06-27 11:30:03', '2021-06-27 11:30:03'),
(283, 8, 'Frias', '2021-06-27 11:30:03', '2021-06-27 11:30:03'),
(284, 8, 'Funes', '2021-06-27 11:30:03', '2021-06-27 11:30:03'),
(285, 8, 'Gaiman', '2021-06-27 11:30:03', '2021-06-27 11:30:03'),
(286, 8, 'Galvez', '2021-06-27 11:30:04', '2021-06-27 11:30:04'),
(287, 8, 'Garin', '2021-06-27 11:30:04', '2021-06-27 11:30:04'),
(288, 8, 'Garupa', '2021-06-27 11:30:04', '2021-06-27 11:30:04'),
(289, 8, 'General Acha', '2021-06-27 11:30:04', '2021-06-27 11:30:04'),
(290, 8, 'General Alvear', '2021-06-27 11:30:04', '2021-06-27 11:30:04'),
(291, 8, 'General Cabrera', '2021-06-27 11:30:04', '2021-06-27 11:30:04'),
(292, 8, 'General Deheza', '2021-06-27 11:30:04', '2021-06-27 11:30:04'),
(293, 8, 'General Guido', '2021-06-27 11:30:04', '2021-06-27 11:30:04'),
(294, 8, 'General Juan Madariaga', '2021-06-27 11:30:04', '2021-06-27 11:30:04'),
(295, 8, 'General Lagos', '2021-06-27 11:30:04', '2021-06-27 11:30:04'),
(296, 8, 'General Las Heras', '2021-06-27 11:30:04', '2021-06-27 11:30:04'),
(297, 8, 'General Lavalle', '2021-06-27 11:30:05', '2021-06-27 11:30:05'),
(298, 8, 'General Mansilla', '2021-06-27 11:30:05', '2021-06-27 11:30:05'),
(299, 8, 'General Martin Miguel de Guemes', '2021-06-27 11:30:05', '2021-06-27 11:30:05'),
(300, 8, 'General Pacheco', '2021-06-27 11:30:05', '2021-06-27 11:30:05'),
(301, 8, 'General Paz', '2021-06-27 11:30:05', '2021-06-27 11:30:05'),
(302, 8, 'General Pico', '2021-06-27 11:30:05', '2021-06-27 11:30:05'),
(303, 8, 'General Roca', '2021-06-27 11:30:05', '2021-06-27 11:30:05'),
(304, 8, 'General Rodriguez', '2021-06-27 11:30:05', '2021-06-27 11:30:05'),
(305, 8, 'General San Martin', '2021-06-27 11:30:06', '2021-06-27 11:30:06'),
(306, 8, 'General Viamonte', '2021-06-27 11:30:06', '2021-06-27 11:30:06'),
(307, 8, 'General Villegas', '2021-06-27 11:30:06', '2021-06-27 11:30:06'),
(308, 8, 'Germania', '2021-06-27 11:30:06', '2021-06-27 11:30:06'),
(309, 8, 'Glew', '2021-06-27 11:30:06', '2021-06-27 11:30:06'),
(310, 8, 'Gobernador Crespo', '2021-06-27 11:30:06', '2021-06-27 11:30:06'),
(311, 8, 'Gobernador Galvez', '2021-06-27 11:30:06', '2021-06-27 11:30:06'),
(312, 8, 'Godoy', '2021-06-27 11:30:06', '2021-06-27 11:30:06'),
(313, 8, 'Godoy Cruz', '2021-06-27 11:30:06', '2021-06-27 11:30:06'),
(314, 8, 'Gonzalez Catan', '2021-06-27 11:30:07', '2021-06-27 11:30:07'),
(315, 8, 'Gonzalez Moreno', '2021-06-27 11:30:07', '2021-06-27 11:30:07'),
(316, 8, 'Goya', '2021-06-27 11:30:07', '2021-06-27 11:30:07'),
(317, 8, 'Granadero Baigorria', '2021-06-27 11:30:07', '2021-06-27 11:30:07'),
(318, 8, 'Grand Bourg', '2021-06-27 11:30:07', '2021-06-27 11:30:07'),
(319, 8, 'Gualeguay', '2021-06-27 11:30:07', '2021-06-27 11:30:07'),
(320, 8, 'Guatrache', '2021-06-27 11:30:07', '2021-06-27 11:30:07'),
(321, 8, 'Guernica', '2021-06-27 11:30:07', '2021-06-27 11:30:07'),
(322, 8, 'Henderson', '2021-06-27 11:30:07', '2021-06-27 11:30:07'),
(323, 8, 'Hernando', '2021-06-27 11:30:08', '2021-06-27 11:30:08'),
(324, 8, 'Hersilia', '2021-06-27 11:30:08', '2021-06-27 11:30:08'),
(325, 8, 'Hilario', '2021-06-27 11:30:08', '2021-06-27 11:30:08'),
(326, 8, 'Hilario Ascasubi', '2021-06-27 11:30:08', '2021-06-27 11:30:08'),
(327, 8, 'Hipatia', '2021-06-27 11:30:08', '2021-06-27 11:30:08'),
(328, 8, 'Hipolito Yrigoyen', '2021-06-27 11:30:08', '2021-06-27 11:30:08'),
(329, 8, 'Huanchillas', '2021-06-27 11:30:08', '2021-06-27 11:30:08'),
(330, 8, 'Huanguelen', '2021-06-27 11:30:08', '2021-06-27 11:30:08'),
(331, 8, 'Huinca Renanco', '2021-06-27 11:30:08', '2021-06-27 11:30:08'),
(332, 8, 'Humahuaca', '2021-06-27 11:30:08', '2021-06-27 11:30:08'),
(333, 8, 'Hurlingham', '2021-06-27 11:30:09', '2021-06-27 11:30:09'),
(334, 8, 'Ibarlucea', '2021-06-27 11:30:09', '2021-06-27 11:30:09'),
(335, 8, 'Ibicuy', '2021-06-27 11:30:09', '2021-06-27 11:30:09'),
(336, 8, 'Independencia', '2021-06-27 11:30:09', '2021-06-27 11:30:09'),
(337, 8, 'Ingeniero Beaugey', '2021-06-27 11:30:09', '2021-06-27 11:30:09'),
(338, 8, 'Ingeniero Luiggi', '2021-06-27 11:30:09', '2021-06-27 11:30:09'),
(339, 8, 'Ingeniero Maschwitz', '2021-06-27 11:30:09', '2021-06-27 11:30:09'),
(340, 8, 'Intendente Alvear', '2021-06-27 11:30:09', '2021-06-27 11:30:09'),
(341, 8, 'Isidro Casanova', '2021-06-27 11:30:09', '2021-06-27 11:30:09'),
(342, 8, 'Ituzaingo', '2021-06-27 11:30:09', '2021-06-27 11:30:09'),
(343, 8, 'James Craik', '2021-06-27 11:30:10', '2021-06-27 11:30:10'),
(344, 8, 'Jauregui', '2021-06-27 11:30:10', '2021-06-27 11:30:10'),
(345, 8, 'Jeppener', '2021-06-27 11:30:10', '2021-06-27 11:30:10'),
(346, 8, 'Jesus Maria', '2021-06-27 11:30:10', '2021-06-27 11:30:10'),
(347, 8, 'Jose Leon Suarez', '2021-06-27 11:30:10', '2021-06-27 11:30:10'),
(348, 8, 'Jose Marmol', '2021-06-27 11:30:10', '2021-06-27 11:30:10'),
(349, 8, 'Juan Pujol', '2021-06-27 11:30:10', '2021-06-27 11:30:10'),
(350, 8, 'Justiniano Posse', '2021-06-27 11:30:10', '2021-06-27 11:30:10'),
(351, 8, 'La Banda', '2021-06-27 11:30:10', '2021-06-27 11:30:10'),
(352, 8, 'La Boca', '2021-06-27 11:30:10', '2021-06-27 11:30:10'),
(353, 8, 'La Calera', '2021-06-27 11:30:11', '2021-06-27 11:30:11'),
(354, 8, 'La Cumbre', '2021-06-27 11:30:11', '2021-06-27 11:30:11'),
(355, 8, 'La Falda', '2021-06-27 11:30:11', '2021-06-27 11:30:11'),
(356, 8, 'La Leonesa', '2021-06-27 11:30:11', '2021-06-27 11:30:11'),
(357, 8, 'La Lucila', '2021-06-27 11:30:11', '2021-06-27 11:30:11'),
(358, 8, 'La Madrid', '2021-06-27 11:30:11', '2021-06-27 11:30:11'),
(359, 8, 'La Pampa', '2021-06-27 11:30:11', '2021-06-27 11:30:11'),
(360, 8, 'La Para', '2021-06-27 11:30:11', '2021-06-27 11:30:11'),
(361, 8, 'La Paz', '2021-06-27 11:30:11', '2021-06-27 11:30:11'),
(362, 8, 'La Plata', '2021-06-27 11:30:12', '2021-06-27 11:30:12'),
(363, 8, 'La Punta', '2021-06-27 11:30:12', '2021-06-27 11:30:12'),
(364, 8, 'La Rioja', '2021-06-27 11:30:12', '2021-06-27 11:30:12'),
(365, 8, 'La Tablada', '2021-06-27 11:30:12', '2021-06-27 11:30:12'),
(366, 8, 'La Union', '2021-06-27 11:30:12', '2021-06-27 11:30:12'),
(367, 8, 'La Violeta', '2021-06-27 11:30:12', '2021-06-27 11:30:12'),
(368, 8, 'Laborde', '2021-06-27 11:30:12', '2021-06-27 11:30:12'),
(369, 8, 'Laboulaye', '2021-06-27 11:30:12', '2021-06-27 11:30:12'),
(370, 8, 'Laferrere', '2021-06-27 11:30:12', '2021-06-27 11:30:12'),
(371, 8, 'Laguna Alsina', '2021-06-27 11:30:12', '2021-06-27 11:30:12'),
(372, 8, 'Lanus', '2021-06-27 11:30:13', '2021-06-27 11:30:13'),
(373, 8, 'Larroque', '2021-06-27 11:30:13', '2021-06-27 11:30:13'),
(374, 8, 'Las Catitas', '2021-06-27 11:30:13', '2021-06-27 11:30:13'),
(375, 8, 'Las Flores', '2021-06-27 11:30:13', '2021-06-27 11:30:13'),
(376, 8, 'Las Heras', '2021-06-27 11:30:13', '2021-06-27 11:30:13'),
(377, 8, 'Las Perdices', '2021-06-27 11:30:13', '2021-06-27 11:30:13'),
(378, 8, 'Las Rosas', '2021-06-27 11:30:13', '2021-06-27 11:30:13'),
(379, 8, 'Las Talitas', '2021-06-27 11:30:13', '2021-06-27 11:30:13'),
(380, 8, 'Las Varillas', '2021-06-27 11:30:13', '2021-06-27 11:30:13'),
(381, 8, 'Lavalle', '2021-06-27 11:30:14', '2021-06-27 11:30:14'),
(382, 8, 'Leandro N. Alem', '2021-06-27 11:30:14', '2021-06-27 11:30:14'),
(383, 8, 'Leones', '2021-06-27 11:30:14', '2021-06-27 11:30:14'),
(384, 8, 'Libertad', '2021-06-27 11:30:14', '2021-06-27 11:30:14'),
(385, 8, 'Lima', '2021-06-27 11:30:14', '2021-06-27 11:30:14'),
(386, 8, 'Liniers', '2021-06-27 11:30:14', '2021-06-27 11:30:14'),
(387, 8, 'Llavallol', '2021-06-27 11:30:14', '2021-06-27 11:30:14'),
(388, 8, 'Lobos', '2021-06-27 11:30:14', '2021-06-27 11:30:14'),
(389, 8, 'Lomas de Zamora', '2021-06-27 11:30:14', '2021-06-27 11:30:14'),
(390, 8, 'Lomas del Mirador', '2021-06-27 11:30:14', '2021-06-27 11:30:14'),
(391, 8, 'Longchamps', '2021-06-27 11:30:15', '2021-06-27 11:30:15'),
(392, 8, 'Los Antiguos', '2021-06-27 11:30:15', '2021-06-27 11:30:15'),
(393, 8, 'Los Cardales', '2021-06-27 11:30:15', '2021-06-27 11:30:15'),
(394, 8, 'Los Molinos', '2021-06-27 11:30:15', '2021-06-27 11:30:15'),
(395, 8, 'Los Polvorines', '2021-06-27 11:30:15', '2021-06-27 11:30:15'),
(396, 8, 'Luis Guillon', '2021-06-27 11:30:15', '2021-06-27 11:30:15'),
(397, 8, 'Lujan de Cuyo', '2021-06-27 11:30:15', '2021-06-27 11:30:15'),
(398, 8, 'Luque', '2021-06-27 11:30:15', '2021-06-27 11:30:15'),
(399, 8, 'Luzuriaga', '2021-06-27 11:30:15', '2021-06-27 11:30:15'),
(400, 8, 'Lynch', '2021-06-27 11:30:15', '2021-06-27 11:30:15'),
(401, 8, 'Macachin', '2021-06-27 11:30:16', '2021-06-27 11:30:16'),
(402, 8, 'Magdalena', '2021-06-27 11:30:16', '2021-06-27 11:30:16'),
(403, 8, 'Maggiolo', '2021-06-27 11:30:16', '2021-06-27 11:30:16'),
(404, 8, 'Maipu', '2021-06-27 11:30:16', '2021-06-27 11:30:16'),
(405, 8, 'Manantial', '2021-06-27 11:30:16', '2021-06-27 11:30:16'),
(406, 8, 'Manfredi', '2021-06-27 11:30:16', '2021-06-27 11:30:16'),
(407, 8, 'Manuel J. Cobo', '2021-06-27 11:30:16', '2021-06-27 11:30:16'),
(408, 8, 'Maquinista Savio', '2021-06-27 11:30:16', '2021-06-27 11:30:16'),
(409, 8, 'Mar de Ajo', '2021-06-27 11:30:17', '2021-06-27 11:30:17'),
(410, 8, 'Mar del Plata', '2021-06-27 11:30:17', '2021-06-27 11:30:17'),
(411, 8, 'Mar del Tuyu', '2021-06-27 11:30:17', '2021-06-27 11:30:17'),
(412, 8, 'Marcos Juarez', '2021-06-27 11:30:17', '2021-06-27 11:30:17'),
(413, 8, 'Marcos Paz', '2021-06-27 11:30:17', '2021-06-27 11:30:17'),
(414, 8, 'Margarita', '2021-06-27 11:30:17', '2021-06-27 11:30:17'),
(415, 8, 'Maria Ignacia', '2021-06-27 11:30:17', '2021-06-27 11:30:17'),
(416, 8, 'Maria Juana', '2021-06-27 11:30:17', '2021-06-27 11:30:17'),
(417, 8, 'Mariano Acosta', '2021-06-27 11:30:17', '2021-06-27 11:30:17'),
(418, 8, 'Mariano J. Haedo', '2021-06-27 11:30:17', '2021-06-27 11:30:17'),
(419, 8, 'Mariano Moreno', '2021-06-27 11:30:18', '2021-06-27 11:30:18'),
(420, 8, 'Martinez', '2021-06-27 11:30:18', '2021-06-27 11:30:18'),
(421, 8, 'Matheu', '2021-06-27 11:30:18', '2021-06-27 11:30:18'),
(422, 8, 'Mayor Buratovich', '2021-06-27 11:30:18', '2021-06-27 11:30:18'),
(423, 8, 'Melincue', '2021-06-27 11:30:18', '2021-06-27 11:30:18'),
(424, 8, 'Mendiolaza', '2021-06-27 11:30:18', '2021-06-27 11:30:18'),
(425, 8, 'Mendoza', '2021-06-27 11:30:18', '2021-06-27 11:30:18'),
(426, 8, 'Mercedes', '2021-06-27 11:30:18', '2021-06-27 11:30:18'),
(427, 8, 'Merlo', '2021-06-27 11:30:19', '2021-06-27 11:30:19'),
(428, 8, 'Minacar', '2021-06-27 11:30:19', '2021-06-27 11:30:19'),
(429, 8, 'Miramar', '2021-06-27 11:30:19', '2021-06-27 11:30:19'),
(430, 8, 'Monje', '2021-06-27 11:30:19', '2021-06-27 11:30:19'),
(431, 8, 'Monte Hermoso', '2021-06-27 11:30:19', '2021-06-27 11:30:19'),
(432, 8, 'Monteros', '2021-06-27 11:30:19', '2021-06-27 11:30:19'),
(433, 8, 'Montserrat', '2021-06-27 11:30:19', '2021-06-27 11:30:19'),
(434, 8, 'Moreno', '2021-06-27 11:30:19', '2021-06-27 11:30:19'),
(435, 8, 'Moron', '2021-06-27 11:30:20', '2021-06-27 11:30:20'),
(436, 8, 'Morteros', '2021-06-27 11:30:20', '2021-06-27 11:30:20'),
(437, 8, 'Muniz', '2021-06-27 11:30:20', '2021-06-27 11:30:20'),
(438, 8, 'Munro', '2021-06-27 11:30:20', '2021-06-27 11:30:20'),
(439, 8, 'Navarro', '2021-06-27 11:30:20', '2021-06-27 11:30:20'),
(440, 8, 'Necochea', '2021-06-27 11:30:20', '2021-06-27 11:30:20'),
(441, 8, 'Nogoya', '2021-06-27 11:30:20', '2021-06-27 11:30:20'),
(442, 8, 'Nordelta', '2021-06-27 11:30:21', '2021-06-27 11:30:21'),
(443, 8, 'Nunez', '2021-06-27 11:30:21', '2021-06-27 11:30:21'),
(444, 8, 'Obera', '2021-06-27 11:30:21', '2021-06-27 11:30:21'),
(445, 8, 'Oliva', '2021-06-27 11:30:21', '2021-06-27 11:30:21'),
(446, 8, 'Oliveros', '2021-06-27 11:30:21', '2021-06-27 11:30:21'),
(447, 8, 'Olivos', '2021-06-27 11:30:21', '2021-06-27 11:30:21'),
(448, 8, 'Oncativo', '2021-06-27 11:30:21', '2021-06-27 11:30:21'),
(449, 8, 'Open Door', '2021-06-27 11:30:21', '2021-06-27 11:30:21'),
(450, 8, 'Ordonez', '2021-06-27 11:30:21', '2021-06-27 11:30:21'),
(451, 8, 'Palermo', '2021-06-27 11:30:22', '2021-06-27 11:30:22'),
(452, 8, 'Palmira', '2021-06-27 11:30:22', '2021-06-27 11:30:22'),
(453, 8, 'Palpala', '2021-06-27 11:30:22', '2021-06-27 11:30:22'),
(454, 8, 'Partido de Jose C. Paz', '2021-06-27 11:30:22', '2021-06-27 11:30:22'),
(455, 8, 'Pasco', '2021-06-27 11:30:22', '2021-06-27 11:30:22'),
(456, 8, 'Paso del Rey', '2021-06-27 11:30:22', '2021-06-27 11:30:22'),
(457, 8, 'Paternal', '2021-06-27 11:30:22', '2021-06-27 11:30:22'),
(458, 8, 'Pavon', '2021-06-27 11:30:22', '2021-06-27 11:30:22'),
(459, 8, 'Pedernales', '2021-06-27 11:30:23', '2021-06-27 11:30:23'),
(460, 8, 'Pedro Luro', '2021-06-27 11:30:23', '2021-06-27 11:30:23'),
(461, 8, 'Pellegrini', '2021-06-27 11:30:23', '2021-06-27 11:30:23'),
(462, 8, 'Perez', '2021-06-27 11:30:23', '2021-06-27 11:30:23'),
(463, 8, 'Pergamino', '2021-06-27 11:30:23', '2021-06-27 11:30:23'),
(464, 8, 'Perico', '2021-06-27 11:30:23', '2021-06-27 11:30:23'),
(465, 8, 'Perito Moreno', '2021-06-27 11:30:23', '2021-06-27 11:30:23'),
(466, 8, 'Piamonte', '2021-06-27 11:30:23', '2021-06-27 11:30:23'),
(467, 8, 'Pico de Salamanca', '2021-06-27 11:30:24', '2021-06-27 11:30:24'),
(468, 8, 'Pico Truncado', '2021-06-27 11:30:24', '2021-06-27 11:30:24'),
(469, 8, 'Pigue', '2021-06-27 11:30:24', '2021-06-27 11:30:24'),
(470, 8, 'Pilar', '2021-06-27 11:30:24', '2021-06-27 11:30:24'),
(471, 8, 'Pinamar', '2021-06-27 11:30:24', '2021-06-27 11:30:24'),
(472, 8, 'Piquete Cabado', '2021-06-27 11:30:24', '2021-06-27 11:30:24'),
(473, 8, 'Platanos', '2021-06-27 11:30:25', '2021-06-27 11:30:25');

-- --------------------------------------------------------

--
-- Table structure for table `contractor_equipment`
--

CREATE TABLE `contractor_equipment` (
  `id` bigint(20) UNSIGNED NOT NULL,
  `EquipmentName` varchar(255) COLLATE utf8mb4_unicode_ci NOT NULL,
  `ProjectID` int(10) UNSIGNED NOT NULL,
  `BusinessPartnerID` bigint(20) UNSIGNED NOT NULL,
  `UnitID` int(10) UNSIGNED NOT NULL,
  `MobilizationDate` date NOT NULL,
  `DemobilizationDate` date NOT NULL,
  `created_at` timestamp NULL DEFAULT NULL,
  `updated_at` timestamp NULL DEFAULT NULL
) ENGINE=InnoDB DEFAULT CHARSET=utf8mb4 COLLATE=utf8mb4_unicode_ci;

-- --------------------------------------------------------

--
-- Table structure for table `country`
--

CREATE TABLE `country` (
  `id` int(10) UNSIGNED NOT NULL,
  `CountryName` varchar(255) COLLATE utf8mb4_unicode_ci NOT NULL,
  `created_at` timestamp NULL DEFAULT NULL,
  `updated_at` timestamp NULL DEFAULT NULL
) ENGINE=InnoDB DEFAULT CHARSET=utf8mb4 COLLATE=utf8mb4_unicode_ci;

--
-- Dumping data for table `country`
--

INSERT INTO `country` (`id`, `CountryName`, `created_at`, `updated_at`) VALUES
(1, 'Afghanistan', '2021-06-27 11:29:28', '2021-06-27 11:29:28'),
(2, 'Albania', '2021-06-27 11:29:30', '2021-06-27 11:29:30'),
(3, 'Algeria', '2021-06-27 11:29:31', '2021-06-27 11:29:31'),
(4, 'Andorra', '2021-06-27 11:29:35', '2021-06-27 11:29:35'),
(5, 'Angola', '2021-06-27 11:29:37', '2021-06-27 11:29:37'),
(6, 'Anguilla', '2021-06-27 11:29:39', '2021-06-27 11:29:39'),
(7, 'Antigua and Barbuda', '2021-06-27 11:29:41', '2021-06-27 11:29:41'),
(8, 'Argentina', '2021-06-27 11:29:43', '2021-06-27 11:29:43');

-- --------------------------------------------------------

--
-- Table structure for table `currency`
--

CREATE TABLE `currency` (
  `id` bigint(20) UNSIGNED NOT NULL,
  `CountryID` int(10) UNSIGNED NOT NULL,
  `CurrencyName` varchar(255) COLLATE utf8mb4_unicode_ci NOT NULL,
  `created_at` timestamp NULL DEFAULT NULL,
  `updated_at` timestamp NULL DEFAULT NULL
) ENGINE=InnoDB DEFAULT CHARSET=utf8mb4 COLLATE=utf8mb4_unicode_ci;

--
-- Dumping data for table `currency`
--

INSERT INTO `currency` (`id`, `CountryID`, `CurrencyName`, `created_at`, `updated_at`) VALUES
(1, 1, 'AFN', '2021-06-27 11:29:29', '2021-06-27 11:29:29'),
(2, 2, 'ALL', '2021-06-27 11:29:30', '2021-06-27 11:29:30'),
(3, 3, 'DZD', '2021-06-27 11:29:32', '2021-06-27 11:29:32'),
(4, 4, 'EUR', '2021-06-27 11:29:35', '2021-06-27 11:29:35'),
(5, 5, 'AOA', '2021-06-27 11:29:37', '2021-06-27 11:29:37'),
(6, 6, 'XCD', '2021-06-27 11:29:40', '2021-06-27 11:29:40'),
(7, 7, 'XCD', '2021-06-27 11:29:42', '2021-06-27 11:29:42'),
(8, 8, 'ARS', '2021-06-27 11:29:43', '2021-06-27 11:29:43');

-- --------------------------------------------------------

--
-- Table structure for table `documents`
--

CREATE TABLE `documents` (
  `id` bigint(20) UNSIGNED NOT NULL,
  `documentName` varchar(255) COLLATE utf8mb4_unicode_ci DEFAULT NULL,
  `documentType` varchar(255) COLLATE utf8mb4_unicode_ci DEFAULT NULL,
  `size` varchar(255) COLLATE utf8mb4_unicode_ci DEFAULT NULL,
  `author` int(10) UNSIGNED NOT NULL,
  `status` varchar(255) COLLATE utf8mb4_unicode_ci DEFAULT NULL,
  `desc` text COLLATE utf8mb4_unicode_ci DEFAULT NULL,
  `reportingDate` date DEFAULT NULL,
  `contractorID` int(10) UNSIGNED NOT NULL,
  `ProjectID` int(10) UNSIGNED DEFAULT NULL,
  `created_at` timestamp NULL DEFAULT NULL,
  `updated_at` timestamp NULL DEFAULT NULL
) ENGINE=InnoDB DEFAULT CHARSET=utf8mb4 COLLATE=utf8mb4_unicode_ci;

-- --------------------------------------------------------

--
-- Table structure for table `document_detail`
--

CREATE TABLE `document_detail` (
  `id` bigint(20) UNSIGNED NOT NULL,
  `actualWbsID` int(11) NOT NULL,
  `itemName` varchar(255) COLLATE utf8mb4_unicode_ci NOT NULL,
  `parentItem` varchar(255) COLLATE utf8mb4_unicode_ci DEFAULT NULL,
  `hasChild` text COLLATE utf8mb4_unicode_ci DEFAULT NULL,
  `qty` bigint(20) DEFAULT NULL,
  `price` bigint(20) DEFAULT NULL,
  `startDate` date NOT NULL,
  `endDate` date NOT NULL,
  `amount` bigint(20) DEFAULT NULL,
  `weight` double(15,8) DEFAULT NULL,
  `ProjectID` int(10) UNSIGNED DEFAULT NULL,
  `unitID` bigint(20) UNSIGNED DEFAULT NULL,
  `contractorID` bigint(20) UNSIGNED DEFAULT NULL,
  `CurrencyID` bigint(20) UNSIGNED DEFAULT NULL,
  `level` int(11) NOT NULL,
  `parentLevel` int(11) NOT NULL,
  `created_at` timestamp NULL DEFAULT NULL,
  `updated_at` timestamp NULL DEFAULT NULL,
  `Created_By` int(11) NOT NULL
) ENGINE=InnoDB DEFAULT CHARSET=utf8mb4 COLLATE=utf8mb4_unicode_ci;

-- --------------------------------------------------------

--
-- Table structure for table `history_boq`
--

CREATE TABLE `history_boq` (
  `id` bigint(20) UNSIGNED NOT NULL,
  `boqID` int(11) NOT NULL,
  `itemName` varchar(255) COLLATE utf8mb4_unicode_ci NOT NULL,
  `parentItem` varchar(255) COLLATE utf8mb4_unicode_ci DEFAULT NULL,
  `hasChild` text COLLATE utf8mb4_unicode_ci DEFAULT NULL,
  `qty` bigint(20) DEFAULT NULL,
  `price` bigint(20) DEFAULT NULL,
  `amount` bigint(20) DEFAULT NULL,
  `weight` double(15,8) DEFAULT NULL,
  `ProjectID` int(10) UNSIGNED DEFAULT NULL,
  `unitID` bigint(20) UNSIGNED DEFAULT NULL,
  `contractorID` bigint(20) UNSIGNED DEFAULT NULL,
  `CurrencyID` bigint(20) UNSIGNED DEFAULT NULL,
  `level` int(11) NOT NULL,
  `parentLevel` int(11) NOT NULL,
  `created_at` timestamp NULL DEFAULT NULL,
  `updated_at` timestamp NULL DEFAULT NULL,
  `Created_By` int(11) NOT NULL
) ENGINE=InnoDB DEFAULT CHARSET=utf8mb4 COLLATE=utf8mb4_unicode_ci;

-- --------------------------------------------------------

--
-- Table structure for table `issue_management`
--

CREATE TABLE `issue_management` (
  `id` bigint(20) UNSIGNED NOT NULL,
  `ProjectID` int(10) UNSIGNED DEFAULT NULL,
  `raised_date` date NOT NULL,
  `initiated_by` int(10) UNSIGNED NOT NULL,
  `assign_to` int(10) UNSIGNED NOT NULL,
  `description` text COLLATE utf8mb4_unicode_ci NOT NULL,
  `priority` varchar(255) COLLATE utf8mb4_unicode_ci NOT NULL,
  `status` varchar(255) COLLATE utf8mb4_unicode_ci NOT NULL,
  `due_date` date NOT NULL,
  `closed_date` date DEFAULT NULL,
  `resolution` text COLLATE utf8mb4_unicode_ci DEFAULT NULL,
  `created_at` timestamp NULL DEFAULT NULL,
  `updated_at` timestamp NULL DEFAULT NULL
) ENGINE=InnoDB DEFAULT CHARSET=utf8mb4 COLLATE=utf8mb4_unicode_ci;

-- --------------------------------------------------------

--
-- Table structure for table `migrations`
--

CREATE TABLE `migrations` (
  `id` int(10) UNSIGNED NOT NULL,
  `migration` varchar(255) COLLATE utf8mb4_unicode_ci NOT NULL,
  `batch` int(11) NOT NULL
) ENGINE=InnoDB DEFAULT CHARSET=utf8mb4 COLLATE=utf8mb4_unicode_ci;

--
-- Dumping data for table `migrations`
--

INSERT INTO `migrations` (`id`, `migration`, `batch`) VALUES
(1, '2021_04_25_030137_create_projects_table', 1),
(2, '2021_04_30_175654_create_bussiness_types_table', 1),
(3, '2021_04_30_180005_create_countries_table', 1),
(4, '2021_04_30_180155_create_cities_table', 1),
(5, '2021_04_30_180324_create_position_categories_table', 1),
(6, '2021_04_30_180325_create_positions_table', 1),
(7, '2021_04_30_180326_create_personils_table', 1),
(8, '2021_04_30_180804_create_currencies_table', 1),
(9, '2021_05_01_040231_create_bussiness_partners_table', 1),
(10, '2021_05_20_193550_create_unit_table', 1),
(11, '2021_05_23_143755_create_weather_table', 1),
(12, '2021_05_23_143756_privileged_name_table', 1),
(13, '2021_05_23_143756_user_privileged_table', 1),
(14, '2021_05_26_011545_user_table', 1),
(15, '2021_06_21_054346_create_contractor_equipment_table', 1),
(16, '2021_06_22_152317_create_risk_management_table', 1),
(17, '2021_06_22_152318_create_project_numbers_table', 1),
(18, '2021_06_23_132233_baseline_boq_table', 1),
(19, '2021_06_29_164317_create_mobilization_dates_table', 1),
(20, '2021_06_30_094459_history_boq_table', 1),
(21, '2021_06_30_094610_baseline_wbs_table', 1),
(22, '2021_07_02_011817_create_weather_info_table', 1),
(23, '2021_07_02_014354_create_monthly_meeting_table', 1),
(24, '2021_07_02_111055_create_issue_management_table', 1),
(25, '2021_07_05_071154_wbs_history_table', 1),
(26, '2021_07_05_071230_actual_wbs_table', 1),
(27, '2021_07_05_073130_documents_table', 1),
(28, '2021_07_05_170922_progress_evaluation_table', 1),
(29, '2021_07_16_072348_station_progress_table', 1),
(30, '2021_07_16_072509_visual_progress_table', 1),
(31, '2021_07_16_072722_performance_analysis_table', 1),
(32, '2021_07_17_110854_sub_station_progress_table', 1),
(33, '2021_07_20_134405_visual_progress_image_table', 1),
(34, '2021_08_09_200414_create_payment_certificate', 1),
(35, '2021_08_09_200519_create_payment_deduction_item', 1),
(36, '2021_08_17_053215_document_detail_table', 1),
(37, '2021_08_17_053257_performance_report_table', 1);

-- --------------------------------------------------------

--
-- Table structure for table `mobilization_dates`
--

CREATE TABLE `mobilization_dates` (
  `id` bigint(20) UNSIGNED NOT NULL,
  `CurrentManMonth` int(11) NOT NULL,
  `Schedule` int(11) NOT NULL,
  `ProjectID` int(10) UNSIGNED NOT NULL,
  `BusinessPartnerID` int(10) UNSIGNED NOT NULL,
  `PersonilID` int(10) UNSIGNED NOT NULL,
  `PositionCatID` int(10) UNSIGNED NOT NULL,
  `PositionID` int(10) UNSIGNED NOT NULL,
  `StarDateMobilization` date NOT NULL,
  `EndDateMobilization` date NOT NULL,
  `created_at` timestamp NULL DEFAULT NULL,
  `updated_at` timestamp NULL DEFAULT NULL
) ENGINE=InnoDB DEFAULT CHARSET=utf8mb4 COLLATE=utf8mb4_unicode_ci;

-- --------------------------------------------------------

--
-- Table structure for table `monthly_meeting`
--

CREATE TABLE `monthly_meeting` (
  `id` bigint(20) UNSIGNED NOT NULL,
  `ProjectID` int(10) UNSIGNED DEFAULT NULL,
  `meeting_date` date NOT NULL,
  `subject` text COLLATE utf8mb4_unicode_ci NOT NULL,
  `agenda` text COLLATE utf8mb4_unicode_ci NOT NULL,
  `file` text COLLATE utf8mb4_unicode_ci NOT NULL,
  `attendee` text COLLATE utf8mb4_unicode_ci NOT NULL,
  `created_at` timestamp NULL DEFAULT NULL,
  `updated_at` timestamp NULL DEFAULT NULL
) ENGINE=InnoDB DEFAULT CHARSET=utf8mb4 COLLATE=utf8mb4_unicode_ci;

-- --------------------------------------------------------

--
-- Table structure for table `payment_certificate`
--

CREATE TABLE `payment_certificate` (
  `id` bigint(20) UNSIGNED NOT NULL,
  `ReportDate` date NOT NULL,
  `Comment` text COLLATE utf8mb4_unicode_ci NOT NULL,
  `docID` bigint(20) UNSIGNED NOT NULL,
  `created_at` timestamp NULL DEFAULT NULL,
  `updated_at` timestamp NULL DEFAULT NULL
) ENGINE=InnoDB DEFAULT CHARSET=utf8mb4 COLLATE=utf8mb4_unicode_ci;

-- --------------------------------------------------------

--
-- Table structure for table `payment_deduction_item`
--

CREATE TABLE `payment_deduction_item` (
  `id` bigint(20) UNSIGNED NOT NULL,
  `DeductionItem` varchar(255) COLLATE utf8mb4_unicode_ci NOT NULL,
  `Value` int(11) NOT NULL,
  `type` int(11) NOT NULL,
  `PaymentID` bigint(20) UNSIGNED NOT NULL,
  `created_at` timestamp NULL DEFAULT NULL,
  `updated_at` timestamp NULL DEFAULT NULL
) ENGINE=InnoDB DEFAULT CHARSET=utf8mb4 COLLATE=utf8mb4_unicode_ci;

-- --------------------------------------------------------

--
-- Table structure for table `performance_report`
--

CREATE TABLE `performance_report` (
  `id` bigint(20) UNSIGNED NOT NULL,
  `itemID` int(11) DEFAULT NULL,
  `AC` bigint(20) UNSIGNED NOT NULL,
  `PC` bigint(20) UNSIGNED NOT NULL,
  `EV` bigint(20) UNSIGNED NOT NULL,
  `CV` bigint(20) UNSIGNED NOT NULL,
  `SV` bigint(20) UNSIGNED NOT NULL,
  `CPI` double UNSIGNED NOT NULL,
  `SPI` double UNSIGNED NOT NULL,
  `EAC1` bigint(20) UNSIGNED NOT NULL,
  `EAC2` bigint(20) UNSIGNED NOT NULL,
  `EAC3` bigint(20) UNSIGNED NOT NULL,
  `EAC4` bigint(20) UNSIGNED NOT NULL,
  `docID` bigint(20) UNSIGNED NOT NULL,
  `created_at` timestamp NULL DEFAULT NULL,
  `updated_at` timestamp NULL DEFAULT NULL
) ENGINE=InnoDB DEFAULT CHARSET=utf8mb4 COLLATE=utf8mb4_unicode_ci;

-- --------------------------------------------------------

--
-- Table structure for table `personil`
--

CREATE TABLE `personil` (
  `id` bigint(20) UNSIGNED NOT NULL,
  `BussinessPartnerID` int(11) NOT NULL,
  `PersonilName` varchar(255) COLLATE utf8mb4_unicode_ci NOT NULL,
  `Address` varchar(255) COLLATE utf8mb4_unicode_ci NOT NULL,
  `Postzip` varchar(255) COLLATE utf8mb4_unicode_ci NOT NULL,
  `CountryID` int(11) NOT NULL,
  `CityID` int(11) NOT NULL,
  `Phone` bigint(20) NOT NULL,
  `Hp` bigint(20) NOT NULL,
  `Email` varchar(255) COLLATE utf8mb4_unicode_ci NOT NULL,
  `PositionID` int(10) UNSIGNED NOT NULL,
  `created_at` timestamp NULL DEFAULT NULL,
  `updated_at` timestamp NULL DEFAULT NULL
) ENGINE=InnoDB DEFAULT CHARSET=utf8mb4 COLLATE=utf8mb4_unicode_ci;

--
-- Dumping data for table `personil`
--

INSERT INTO `personil` (`id`, `BussinessPartnerID`, `PersonilName`, `Address`, `Postzip`, `CountryID`, `CityID`, `Phone`, `Hp`, `Email`, `PositionID`, `created_at`, `updated_at`) VALUES
(1, 3, 'Ade Handiyanto', 'Ade Handiyanto', '40233', 9, 466, 2147483647, 2147483647, 'adehandynt98@gmail.com', 3, '2021-08-16 11:48:22', '2021-08-16 12:01:31'),
(2, 1, 'Shafrian Dwitama', 'jalan Buah Batu', '40000', 9, 466, 2147483647, 2147483647, 'shafriandwt@gmail.com', 1, '2021-08-16 11:50:19', '2021-08-16 11:50:19'),
(3, 4, 'Robi Gusnawan', 'Terusan Buah Batu', '40000', 9, 466, 2147483647, 2147483647, 'gusnawanrobi@gmail.com', 1, '2021-08-16 11:51:40', '2021-08-16 11:51:40');

-- --------------------------------------------------------

--
-- Table structure for table `position`
--

CREATE TABLE `position` (
  `id` int(10) UNSIGNED NOT NULL,
  `PositionName` varchar(255) COLLATE utf8mb4_unicode_ci NOT NULL,
  `PositionCatID` int(10) UNSIGNED NOT NULL,
  `created_at` timestamp NULL DEFAULT NULL,
  `updated_at` timestamp NULL DEFAULT NULL
) ENGINE=InnoDB DEFAULT CHARSET=utf8mb4 COLLATE=utf8mb4_unicode_ci;

--
-- Dumping data for table `position`
--

INSERT INTO `position` (`id`, `PositionName`, `PositionCatID`, `created_at`, `updated_at`) VALUES
(1, 'Senior Project Manager', 1, '2021-08-16 11:44:25', '2021-08-16 11:44:25'),
(2, 'Field Operation Manager', 1, '2021-08-16 11:45:29', '2021-08-16 11:45:29'),
(3, 'Senior Consultant', 1, '2021-08-16 11:45:46', '2021-08-16 11:45:46');

-- --------------------------------------------------------

--
-- Table structure for table `positioncategory`
--

CREATE TABLE `positioncategory` (
  `id` int(10) UNSIGNED NOT NULL,
  `CategoryName` varchar(255) COLLATE utf8mb4_unicode_ci NOT NULL,
  `CategoryDesc` varchar(255) COLLATE utf8mb4_unicode_ci NOT NULL,
  `created_at` timestamp NULL DEFAULT NULL,
  `updated_at` timestamp NULL DEFAULT NULL
) ENGINE=InnoDB DEFAULT CHARSET=utf8mb4 COLLATE=utf8mb4_unicode_ci;

--
-- Dumping data for table `positioncategory`
--

INSERT INTO `positioncategory` (`id`, `CategoryName`, `CategoryDesc`, `created_at`, `updated_at`) VALUES
(1, 'Professional Staff', 'Fulltime Staff', '2021-08-16 11:43:57', '2021-08-16 11:43:57');

-- --------------------------------------------------------

--
-- Table structure for table `privilegedname`
--

CREATE TABLE `privilegedname` (
  `id` bigint(20) UNSIGNED NOT NULL,
  `PrivilegedName` varchar(255) COLLATE utf8mb4_unicode_ci NOT NULL,
  `created_at` timestamp NULL DEFAULT NULL,
  `updated_at` timestamp NULL DEFAULT NULL
) ENGINE=InnoDB DEFAULT CHARSET=utf8mb4 COLLATE=utf8mb4_unicode_ci;

--
-- Dumping data for table `privilegedname`
--

INSERT INTO `privilegedname` (`id`, `PrivilegedName`, `created_at`, `updated_at`) VALUES
(1, 'Profile 1', '2021-07-28 10:47:34', '2021-07-28 10:47:34'),
(2, 'Consultant', '2021-08-04 04:08:49', '2021-08-04 04:08:49'),
(3, 'Guest', '2021-08-14 12:33:12', '2021-08-14 12:33:12'),
(4, 'Contractor', '2021-08-14 12:33:20', '2021-08-14 12:33:20');

-- --------------------------------------------------------

--
-- Table structure for table `progress_evaluation`
--

CREATE TABLE `progress_evaluation` (
  `id` bigint(20) UNSIGNED NOT NULL,
  `periode` date NOT NULL,
  `progressName` varchar(255) COLLATE utf8mb4_unicode_ci NOT NULL,
  `estimatedQty` bigint(20) NOT NULL,
  `accumulatedLastMonthQty` bigint(20) DEFAULT NULL,
  `thisMonthQty` bigint(20) NOT NULL,
  `accumulatedThisMonthQty` bigint(20) NOT NULL,
  `amount` bigint(20) DEFAULT NULL,
  `weight` double(15,8) DEFAULT NULL,
  `contractorID` bigint(20) UNSIGNED DEFAULT NULL,
  `ProjectID` int(10) UNSIGNED DEFAULT NULL,
  `ItemID` bigint(20) UNSIGNED DEFAULT NULL,
  `docID` bigint(20) UNSIGNED DEFAULT NULL,
  `created_at` timestamp NULL DEFAULT NULL,
  `updated_at` timestamp NULL DEFAULT NULL
) ENGINE=InnoDB DEFAULT CHARSET=utf8mb4 COLLATE=utf8mb4_unicode_ci;

-- --------------------------------------------------------

--
-- Table structure for table `projects`
--

CREATE TABLE `projects` (
  `ProjectID` int(10) UNSIGNED NOT NULL,
  `ProjectName` varchar(255) COLLATE utf8mb4_unicode_ci NOT NULL,
  `ProjectOwner` varchar(255) COLLATE utf8mb4_unicode_ci NOT NULL,
  `ProjectDesc` varchar(255) COLLATE utf8mb4_unicode_ci NOT NULL,
  `ProjectManager` varchar(255) COLLATE utf8mb4_unicode_ci NOT NULL,
  `ContractAmount` bigint(20) NOT NULL,
  `Length` int(11) DEFAULT NULL,
  `CommencementDate` date DEFAULT NULL,
  `CompletionDate` date DEFAULT NULL,
  `ProjectDuration` int(11) DEFAULT NULL,
  `setDefault` int(11) NOT NULL DEFAULT 0,
  `CurrencyType` varchar(255) COLLATE utf8mb4_unicode_ci NOT NULL,
  `created_at` timestamp NULL DEFAULT NULL,
  `updated_at` timestamp NULL DEFAULT NULL
) ENGINE=InnoDB DEFAULT CHARSET=utf8mb4 COLLATE=utf8mb4_unicode_ci;

-- --------------------------------------------------------

--
-- Table structure for table `project_numbers`
--

CREATE TABLE `project_numbers` (
  `id` bigint(20) UNSIGNED NOT NULL,
  `ContractNumber` int(11) NOT NULL,
  `ProjectID` int(10) UNSIGNED NOT NULL,
  `BusinessPartnerID` bigint(20) UNSIGNED NOT NULL,
  `StartDate` date NOT NULL,
  `EndDate` date NOT NULL,
  `TotalAmount` bigint(20) NOT NULL,
  `ScopeOfWork` varchar(255) COLLATE utf8mb4_unicode_ci NOT NULL,
  `created_at` timestamp NULL DEFAULT NULL,
  `updated_at` timestamp NULL DEFAULT NULL
) ENGINE=InnoDB DEFAULT CHARSET=utf8mb4 COLLATE=utf8mb4_unicode_ci;

-- --------------------------------------------------------

--
-- Table structure for table `risk_management`
--

CREATE TABLE `risk_management` (
  `id` bigint(20) UNSIGNED NOT NULL,
  `DescriptionRisk` varchar(255) COLLATE utf8mb4_unicode_ci NOT NULL,
  `ProjectID` int(10) UNSIGNED NOT NULL,
  `PersonilID` bigint(20) UNSIGNED NOT NULL,
  `Rank` varchar(255) COLLATE utf8mb4_unicode_ci NOT NULL,
  `DueDateRisk` date NOT NULL,
  `Mitigation` varchar(255) COLLATE utf8mb4_unicode_ci NOT NULL,
  `created_at` timestamp NULL DEFAULT NULL,
  `updated_at` timestamp NULL DEFAULT NULL
) ENGINE=InnoDB DEFAULT CHARSET=utf8mb4 COLLATE=utf8mb4_unicode_ci;

-- --------------------------------------------------------

--
-- Table structure for table `station_progress`
--

CREATE TABLE `station_progress` (
  `id` bigint(20) UNSIGNED NOT NULL,
  `stationName` varchar(255) COLLATE utf8mb4_unicode_ci NOT NULL,
  `description` varchar(255) COLLATE utf8mb4_unicode_ci NOT NULL,
  `itemID` int(10) UNSIGNED NOT NULL,
  `ProjectID` int(10) UNSIGNED NOT NULL,
  `ContractorID` int(11) NOT NULL,
  `created_at` timestamp NULL DEFAULT NULL,
  `updated_at` timestamp NULL DEFAULT NULL
) ENGINE=InnoDB DEFAULT CHARSET=utf8mb4 COLLATE=utf8mb4_unicode_ci;

-- --------------------------------------------------------

--
-- Table structure for table `sub_station_progress`
--

CREATE TABLE `sub_station_progress` (
  `id` bigint(20) UNSIGNED NOT NULL,
  `itemID` varchar(255) COLLATE utf8mb4_unicode_ci NOT NULL,
  `parentID` varchar(255) COLLATE utf8mb4_unicode_ci NOT NULL,
  `stationID` bigint(20) UNSIGNED DEFAULT NULL,
  `completedStatus` int(11) NOT NULL,
  `completionDate` date DEFAULT NULL,
  `created_at` timestamp NULL DEFAULT NULL,
  `updated_at` timestamp NULL DEFAULT NULL
) ENGINE=InnoDB DEFAULT CHARSET=utf8mb4 COLLATE=utf8mb4_unicode_ci;

-- --------------------------------------------------------

--
-- Table structure for table `unit`
--

CREATE TABLE `unit` (
  `id` bigint(20) UNSIGNED NOT NULL,
  `unitName` varchar(255) COLLATE utf8mb4_unicode_ci NOT NULL,
  `unitSymbol` varchar(255) COLLATE utf8mb4_unicode_ci NOT NULL,
  `created_at` timestamp NULL DEFAULT NULL,
  `updated_at` timestamp NULL DEFAULT NULL
) ENGINE=InnoDB DEFAULT CHARSET=utf8mb4 COLLATE=utf8mb4_unicode_ci;

--
-- Dumping data for table `unit`
--

INSERT INTO `unit` (`id`, `unitName`, `unitSymbol`, `created_at`, `updated_at`) VALUES
(2, 'Kilometer', 'KM', '2021-08-04 04:07:15', '2021-08-04 04:07:15'),
(3, 'Meter', 'M', '2021-08-04 09:02:22', '2021-08-04 09:02:22'),
(4, 'Piece', 'Pcs', '2021-08-04 09:02:45', '2021-08-04 09:02:45'),
(5, 'Centimeter', 'CM', '2021-08-04 09:02:54', '2021-08-04 09:02:54'),
(6, 'Meter Kubik', 'M3', '2021-08-04 09:25:17', '2021-08-04 09:26:27'),
(7, 'Unit', 'UNIT', '2021-08-04 13:24:29', '2021-08-04 13:24:29');

-- --------------------------------------------------------

--
-- Table structure for table `user`
--

CREATE TABLE `user` (
  `id` bigint(20) UNSIGNED NOT NULL,
  `Userfullname` varchar(255) COLLATE utf8mb4_unicode_ci NOT NULL,
  `UserLogin` varchar(255) COLLATE utf8mb4_unicode_ci NOT NULL,
  `UserMail` varchar(255) COLLATE utf8mb4_unicode_ci NOT NULL,
  `UserProfile` bigint(20) UNSIGNED NOT NULL,
  `PrivilegedStatus` int(11) NOT NULL,
  `password` varchar(255) COLLATE utf8mb4_unicode_ci NOT NULL,
  `guest` int(11) DEFAULT NULL,
  `project` int(11) DEFAULT NULL,
  `created_at` timestamp NULL DEFAULT NULL,
  `updated_at` timestamp NULL DEFAULT NULL
) ENGINE=InnoDB DEFAULT CHARSET=utf8mb4 COLLATE=utf8mb4_unicode_ci;

--
-- Dumping data for table `user`
--

INSERT INTO `user` (`id`, `Userfullname`, `UserLogin`, `UserMail`, `UserProfile`, `PrivilegedStatus`, `password`, `guest`, `project`, `created_at`, `updated_at`) VALUES
(1, 'Ade Handiyanto', 'adeh12', 'mi16.6701160072@gmail.com', 1, 1, 'test', 2021, 2021, NULL, NULL),
(2, 'Robi Gusnawan', 'robigusnawan', 'Robigusnawan@group.com', 2, 0, 'gusnawanrobi', 2021, 2021, NULL, NULL),
(3, 'guest', 'guest', 'guest@gmail.com', 3, 0, 'guest', 2021, 2021, NULL, NULL),
(4, 'shafrian', 'shafrian', 'shafrian@gmail.com', 4, 0, 'test', 2021, 2021, NULL, NULL),
(5, 'test', 'test', 'test@gmail.com', 3, 0, 'test', 2021, 2021, '0000-00-00 00:00:00', '0000-00-00 00:00:00'),
(6, 'testt', 'testt', 'testt@gmail.com', 3, 0, 'testt', 2021, 2021, '0000-00-00 00:00:00', '0000-00-00 00:00:00'),
(7, 'Ade Handiyanto', 'adehandynt', 'adehandynt98@gmail.com', 2, 0, 'adehandynt', 2021, 2021, '0000-00-00 00:00:00', '0000-00-00 00:00:00');

-- --------------------------------------------------------

--
-- Table structure for table `userprivileged`
--

CREATE TABLE `userprivileged` (
  `id` bigint(20) UNSIGNED NOT NULL,
  `UserPrivileged` varchar(255) COLLATE utf8mb4_unicode_ci NOT NULL,
  `PrivilegedNameID` bigint(20) UNSIGNED NOT NULL,
  `status` int(10) UNSIGNED DEFAULT NULL,
  `created_at` timestamp NULL DEFAULT NULL,
  `updated_at` timestamp NULL DEFAULT NULL
) ENGINE=InnoDB DEFAULT CHARSET=utf8mb4 COLLATE=utf8mb4_unicode_ci;

--
-- Dumping data for table `userprivileged`
--

INSERT INTO `userprivileged` (`id`, `UserPrivileged`, `PrivilegedNameID`, `status`, `created_at`, `updated_at`) VALUES
(1, 'Planning1', 1, 1, '2021-07-28 10:47:54', '2021-07-28 10:47:54'),
(2, 'Planning2', 1, 1, '2021-07-28 10:47:54', '2021-07-28 10:47:54'),
(3, 'Planning3', 1, 1, '2021-07-28 10:47:54', '2021-07-28 10:47:54'),
(4, 'Planning4', 1, 1, '2021-07-28 10:47:54', '2021-07-28 10:47:54'),
(5, 'Planning5', 1, 1, '2021-07-28 10:47:54', '2021-07-28 10:47:54'),
(6, 'Planning6', 1, 1, '2021-07-28 10:47:54', '2021-07-28 10:47:54'),
(7, 'Execute1', 1, 1, '2021-07-28 10:47:55', '2021-07-28 10:47:55'),
(8, 'Execute2', 1, 1, '2021-07-28 10:47:55', '2021-07-28 10:47:55'),
(9, 'Execute3', 1, 1, '2021-07-28 10:47:55', '2021-07-28 10:47:55'),
(10, 'Execute4', 1, 1, '2021-07-28 10:47:55', '2021-07-28 10:47:55'),
(11, 'Execute5', 1, 1, '2021-07-28 10:47:55', '2021-07-28 10:47:55'),
(12, 'Execute6', 1, 1, '2021-07-28 10:47:55', '2021-07-28 10:47:55'),
(13, 'Execute7', 1, 1, '2021-07-28 10:47:55', '2021-07-28 10:47:55'),
(14, 'Execute8', 1, 1, '2021-07-28 10:47:55', '2021-07-28 10:47:55'),
(15, 'Execute9', 1, 1, '2021-07-28 10:47:56', '2021-07-28 10:47:56'),
(16, 'Planning1', 2, 1, '2021-08-04 04:09:52', '2021-08-04 04:09:52'),
(17, 'Planning2', 2, 1, '2021-08-04 04:09:52', '2021-08-04 04:09:52'),
(18, 'Planning3', 2, 1, '2021-08-04 04:09:52', '2021-08-04 04:09:52'),
(19, 'Planning4', 2, 1, '2021-08-04 04:09:52', '2021-08-04 04:09:52'),
(20, 'Planning5', 2, 1, '2021-08-04 04:09:52', '2021-08-04 04:09:52'),
(21, 'Planning6', 2, 1, '2021-08-04 04:09:52', '2021-08-04 04:09:52'),
(22, 'Execute1', 2, 1, '2021-08-04 04:09:52', '2021-08-04 04:09:52'),
(23, 'Execute2', 2, 1, '2021-08-04 04:09:53', '2021-08-04 04:09:53'),
(24, 'Execute3', 2, 1, '2021-08-04 04:09:53', '2021-08-04 04:09:53'),
(25, 'Execute4', 2, 1, '2021-08-04 04:09:53', '2021-08-04 04:09:53'),
(26, 'Execute5', 2, 1, '2021-08-04 04:09:53', '2021-08-04 04:09:53'),
(27, 'Execute6', 2, 1, '2021-08-04 04:09:53', '2021-08-04 04:09:53'),
(28, 'Execute7', 2, 1, '2021-08-04 04:09:53', '2021-08-04 04:09:53'),
(29, 'Execute8', 2, 1, '2021-08-04 04:09:53', '2021-08-04 04:09:53'),
(30, 'Execute9', 2, 1, '2021-08-04 04:09:53', '2021-08-04 04:09:53'),
(31, 'Report1', 2, 1, '2021-08-04 04:09:53', '2021-08-04 04:09:53'),
(32, 'Report1', 3, 1, '2021-08-14 12:33:41', '2021-08-14 12:33:41'),
(33, 'Planning2', 4, 1, '2021-08-14 12:34:01', '2021-08-14 12:34:01'),
(34, 'Planning3', 4, 1, '2021-08-14 12:34:01', '2021-08-14 12:34:01'),
(35, 'Execute1', 4, 1, '2021-08-14 12:34:01', '2021-08-14 12:34:01'),
(36, 'Planning1', 4, 1, '2021-08-14 15:36:35', '2021-08-14 15:36:35');

-- --------------------------------------------------------

--
-- Table structure for table `visual_progress`
--

CREATE TABLE `visual_progress` (
  `id` bigint(20) UNSIGNED NOT NULL,
  `itemVisualName` varchar(255) COLLATE utf8mb4_unicode_ci DEFAULT NULL,
  `itemID` int(11) DEFAULT NULL,
  `contractorID` int(11) NOT NULL,
  `projectID` int(10) UNSIGNED NOT NULL,
  `created_at` timestamp NULL DEFAULT NULL,
  `updated_at` timestamp NULL DEFAULT NULL
) ENGINE=InnoDB DEFAULT CHARSET=utf8mb4 COLLATE=utf8mb4_unicode_ci;

-- --------------------------------------------------------

--
-- Table structure for table `visual_progress_image`
--

CREATE TABLE `visual_progress_image` (
  `id` bigint(20) UNSIGNED NOT NULL,
  `visualDesc` text COLLATE utf8mb4_unicode_ci NOT NULL,
  `imgUrl` text COLLATE utf8mb4_unicode_ci NOT NULL,
  `visualDate` date NOT NULL,
  `imgName` varchar(255) COLLATE utf8mb4_unicode_ci NOT NULL,
  `imgExt` varchar(255) COLLATE utf8mb4_unicode_ci NOT NULL,
  `visualProgressID` bigint(20) UNSIGNED NOT NULL,
  `created_at` timestamp NULL DEFAULT NULL,
  `updated_at` timestamp NULL DEFAULT NULL
) ENGINE=InnoDB DEFAULT CHARSET=utf8mb4 COLLATE=utf8mb4_unicode_ci;

-- --------------------------------------------------------

--
-- Table structure for table `wbs_history`
--

CREATE TABLE `wbs_history` (
  `id` bigint(20) UNSIGNED NOT NULL,
  `actualWbsID` int(11) NOT NULL,
  `itemName` varchar(255) COLLATE utf8mb4_unicode_ci NOT NULL,
  `parentItem` varchar(255) COLLATE utf8mb4_unicode_ci DEFAULT NULL,
  `hasChild` text COLLATE utf8mb4_unicode_ci DEFAULT NULL,
  `qty` bigint(20) DEFAULT NULL,
  `price` bigint(20) DEFAULT NULL,
  `startDate` date NOT NULL,
  `endDate` date NOT NULL,
  `amount` bigint(20) DEFAULT NULL,
  `weight` double(15,8) DEFAULT NULL,
  `ProjectID` int(10) UNSIGNED DEFAULT NULL,
  `unitID` bigint(20) UNSIGNED DEFAULT NULL,
  `contractorID` bigint(20) UNSIGNED DEFAULT NULL,
  `CurrencyID` bigint(20) UNSIGNED DEFAULT NULL,
  `level` int(11) NOT NULL,
  `parentLevel` int(11) NOT NULL,
  `created_at` timestamp NULL DEFAULT NULL,
  `updated_at` timestamp NULL DEFAULT NULL,
  `Created_By` int(11) NOT NULL
) ENGINE=InnoDB DEFAULT CHARSET=utf8mb4 COLLATE=utf8mb4_unicode_ci;

-- --------------------------------------------------------

--
-- Table structure for table `weather`
--

CREATE TABLE `weather` (
  `id` bigint(20) UNSIGNED NOT NULL,
  `weatherName` varchar(255) COLLATE utf8mb4_unicode_ci NOT NULL,
  `symbol` varchar(255) COLLATE utf8mb4_unicode_ci NOT NULL,
  `created_at` timestamp NULL DEFAULT NULL,
  `updated_at` timestamp NULL DEFAULT NULL
) ENGINE=InnoDB DEFAULT CHARSET=utf8mb4 COLLATE=utf8mb4_unicode_ci;

-- --------------------------------------------------------

--
-- Table structure for table `weather_info`
--

CREATE TABLE `weather_info` (
  `id` bigint(20) UNSIGNED NOT NULL,
  `start_time` time NOT NULL,
  `end_time` time NOT NULL,
  `temperature` double(8,2) NOT NULL,
  `date` date NOT NULL,
  `condition` int(10) UNSIGNED NOT NULL,
  `created_at` timestamp NULL DEFAULT NULL,
  `updated_at` timestamp NULL DEFAULT NULL
) ENGINE=InnoDB DEFAULT CHARSET=utf8mb4 COLLATE=utf8mb4_unicode_ci;

--
-- Indexes for dumped tables
--

--
-- Indexes for table `actual_wbs`
--
ALTER TABLE `actual_wbs`
  ADD PRIMARY KEY (`id`),
  ADD KEY `actual_wbs_currencyid_foreign` (`CurrencyID`),
  ADD KEY `actual_wbs_projectid_foreign` (`ProjectID`),
  ADD KEY `actual_wbs_unitid_foreign` (`unitID`),
  ADD KEY `actual_wbs_contractorid_foreign` (`contractorID`);

--
-- Indexes for table `baselineboq`
--
ALTER TABLE `baselineboq`
  ADD PRIMARY KEY (`id`),
  ADD KEY `baselineboq_currencyid_foreign` (`CurrencyID`),
  ADD KEY `baselineboq_projectid_foreign` (`ProjectID`),
  ADD KEY `baselineboq_unitid_foreign` (`unitID`),
  ADD KEY `baselineboq_contractorid_foreign` (`contractorID`);

--
-- Indexes for table `baseline_wbs`
--
ALTER TABLE `baseline_wbs`
  ADD PRIMARY KEY (`id`),
  ADD KEY `baseline_wbs_currencyid_foreign` (`CurrencyID`),
  ADD KEY `baseline_wbs_projectid_foreign` (`ProjectID`),
  ADD KEY `baseline_wbs_unitid_foreign` (`unitID`),
  ADD KEY `baseline_wbs_contractorid_foreign` (`contractorID`);

--
-- Indexes for table `bussinesspartner`
--
ALTER TABLE `bussinesspartner`
  ADD PRIMARY KEY (`id`),
  ADD KEY `bussinesspartner_bussinesstypeid_foreign` (`BussinessTypeID`);

--
-- Indexes for table `bussiness_types`
--
ALTER TABLE `bussiness_types`
  ADD PRIMARY KEY (`id`);

--
-- Indexes for table `city`
--
ALTER TABLE `city`
  ADD PRIMARY KEY (`id`),
  ADD KEY `city_countryid_foreign` (`CountryID`);

--
-- Indexes for table `contractor_equipment`
--
ALTER TABLE `contractor_equipment`
  ADD PRIMARY KEY (`id`),
  ADD KEY `contractor_equipment_projectid_foreign` (`ProjectID`),
  ADD KEY `contractor_equipment_businesspartnerid_foreign` (`BusinessPartnerID`);

--
-- Indexes for table `country`
--
ALTER TABLE `country`
  ADD PRIMARY KEY (`id`);

--
-- Indexes for table `currency`
--
ALTER TABLE `currency`
  ADD PRIMARY KEY (`id`),
  ADD KEY `currency_countryid_foreign` (`CountryID`);

--
-- Indexes for table `documents`
--
ALTER TABLE `documents`
  ADD PRIMARY KEY (`id`),
  ADD KEY `documents_projectid_foreign` (`ProjectID`);

--
-- Indexes for table `document_detail`
--
ALTER TABLE `document_detail`
  ADD PRIMARY KEY (`id`),
  ADD KEY `document_detail_currencyid_foreign` (`CurrencyID`),
  ADD KEY `document_detail_projectid_foreign` (`ProjectID`),
  ADD KEY `document_detail_unitid_foreign` (`unitID`),
  ADD KEY `document_detail_contractorid_foreign` (`contractorID`);

--
-- Indexes for table `history_boq`
--
ALTER TABLE `history_boq`
  ADD PRIMARY KEY (`id`),
  ADD KEY `history_boq_currencyid_foreign` (`CurrencyID`),
  ADD KEY `history_boq_projectid_foreign` (`ProjectID`),
  ADD KEY `history_boq_unitid_foreign` (`unitID`),
  ADD KEY `history_boq_contractorid_foreign` (`contractorID`);

--
-- Indexes for table `issue_management`
--
ALTER TABLE `issue_management`
  ADD PRIMARY KEY (`id`),
  ADD KEY `issue_management_projectid_foreign` (`ProjectID`);

--
-- Indexes for table `migrations`
--
ALTER TABLE `migrations`
  ADD PRIMARY KEY (`id`);

--
-- Indexes for table `mobilization_dates`
--
ALTER TABLE `mobilization_dates`
  ADD PRIMARY KEY (`id`),
  ADD KEY `mobilization_dates_projectid_foreign` (`ProjectID`);

--
-- Indexes for table `monthly_meeting`
--
ALTER TABLE `monthly_meeting`
  ADD PRIMARY KEY (`id`),
  ADD KEY `monthly_meeting_projectid_foreign` (`ProjectID`);

--
-- Indexes for table `payment_certificate`
--
ALTER TABLE `payment_certificate`
  ADD PRIMARY KEY (`id`),
  ADD KEY `payment_certificate_docid_foreign` (`docID`);

--
-- Indexes for table `payment_deduction_item`
--
ALTER TABLE `payment_deduction_item`
  ADD PRIMARY KEY (`id`),
  ADD KEY `payment_deduction_item_paymentid_foreign` (`PaymentID`);

--
-- Indexes for table `performance_report`
--
ALTER TABLE `performance_report`
  ADD PRIMARY KEY (`id`),
  ADD KEY `performance_report_docid_foreign` (`docID`);

--
-- Indexes for table `personil`
--
ALTER TABLE `personil`
  ADD PRIMARY KEY (`id`),
  ADD KEY `personil_positionid_foreign` (`PositionID`);

--
-- Indexes for table `position`
--
ALTER TABLE `position`
  ADD PRIMARY KEY (`id`),
  ADD KEY `position_positioncatid_foreign` (`PositionCatID`);

--
-- Indexes for table `positioncategory`
--
ALTER TABLE `positioncategory`
  ADD PRIMARY KEY (`id`);

--
-- Indexes for table `privilegedname`
--
ALTER TABLE `privilegedname`
  ADD PRIMARY KEY (`id`);

--
-- Indexes for table `progress_evaluation`
--
ALTER TABLE `progress_evaluation`
  ADD PRIMARY KEY (`id`),
  ADD KEY `progress_evaluation_itemid_foreign` (`ItemID`),
  ADD KEY `progress_evaluation_docid_foreign` (`docID`),
  ADD KEY `progress_evaluation_projectid_foreign` (`ProjectID`),
  ADD KEY `progress_evaluation_contractorid_foreign` (`contractorID`);

--
-- Indexes for table `projects`
--
ALTER TABLE `projects`
  ADD PRIMARY KEY (`ProjectID`);

--
-- Indexes for table `project_numbers`
--
ALTER TABLE `project_numbers`
  ADD PRIMARY KEY (`id`),
  ADD KEY `project_numbers_projectid_foreign` (`ProjectID`),
  ADD KEY `project_numbers_businesspartnerid_foreign` (`BusinessPartnerID`);

--
-- Indexes for table `risk_management`
--
ALTER TABLE `risk_management`
  ADD PRIMARY KEY (`id`),
  ADD KEY `risk_management_projectid_foreign` (`ProjectID`),
  ADD KEY `risk_management_personilid_foreign` (`PersonilID`);

--
-- Indexes for table `station_progress`
--
ALTER TABLE `station_progress`
  ADD PRIMARY KEY (`id`),
  ADD KEY `station_progress_projectid_foreign` (`ProjectID`);

--
-- Indexes for table `sub_station_progress`
--
ALTER TABLE `sub_station_progress`
  ADD PRIMARY KEY (`id`),
  ADD KEY `sub_station_progress_stationid_foreign` (`stationID`);

--
-- Indexes for table `unit`
--
ALTER TABLE `unit`
  ADD PRIMARY KEY (`id`);

--
-- Indexes for table `user`
--
ALTER TABLE `user`
  ADD PRIMARY KEY (`id`),
  ADD KEY `user_userprofile_foreign` (`UserProfile`);

--
-- Indexes for table `userprivileged`
--
ALTER TABLE `userprivileged`
  ADD PRIMARY KEY (`id`),
  ADD KEY `userprivileged_privilegednameid_foreign` (`PrivilegedNameID`);

--
-- Indexes for table `visual_progress`
--
ALTER TABLE `visual_progress`
  ADD PRIMARY KEY (`id`),
  ADD KEY `visual_progress_projectid_foreign` (`projectID`);

--
-- Indexes for table `visual_progress_image`
--
ALTER TABLE `visual_progress_image`
  ADD PRIMARY KEY (`id`),
  ADD KEY `visual_progress_image_visualprogressid_foreign` (`visualProgressID`);

--
-- Indexes for table `wbs_history`
--
ALTER TABLE `wbs_history`
  ADD PRIMARY KEY (`id`),
  ADD KEY `wbs_history_currencyid_foreign` (`CurrencyID`),
  ADD KEY `wbs_history_projectid_foreign` (`ProjectID`),
  ADD KEY `wbs_history_unitid_foreign` (`unitID`),
  ADD KEY `wbs_history_contractorid_foreign` (`contractorID`);

--
-- Indexes for table `weather`
--
ALTER TABLE `weather`
  ADD PRIMARY KEY (`id`);

--
-- Indexes for table `weather_info`
--
ALTER TABLE `weather_info`
  ADD PRIMARY KEY (`id`);

--
-- AUTO_INCREMENT for dumped tables
--

--
-- AUTO_INCREMENT for table `actual_wbs`
--
ALTER TABLE `actual_wbs`
  MODIFY `id` bigint(20) UNSIGNED NOT NULL AUTO_INCREMENT;

--
-- AUTO_INCREMENT for table `baselineboq`
--
ALTER TABLE `baselineboq`
  MODIFY `id` bigint(20) UNSIGNED NOT NULL AUTO_INCREMENT;

--
-- AUTO_INCREMENT for table `baseline_wbs`
--
ALTER TABLE `baseline_wbs`
  MODIFY `id` bigint(20) UNSIGNED NOT NULL AUTO_INCREMENT;

--
-- AUTO_INCREMENT for table `bussinesspartner`
--
ALTER TABLE `bussinesspartner`
  MODIFY `id` bigint(20) UNSIGNED NOT NULL AUTO_INCREMENT, AUTO_INCREMENT=5;

--
-- AUTO_INCREMENT for table `bussiness_types`
--
ALTER TABLE `bussiness_types`
  MODIFY `id` int(10) UNSIGNED NOT NULL AUTO_INCREMENT, AUTO_INCREMENT=4;

--
-- AUTO_INCREMENT for table `city`
--
ALTER TABLE `city`
  MODIFY `id` bigint(20) UNSIGNED NOT NULL AUTO_INCREMENT, AUTO_INCREMENT=474;

--
-- AUTO_INCREMENT for table `contractor_equipment`
--
ALTER TABLE `contractor_equipment`
  MODIFY `id` bigint(20) UNSIGNED NOT NULL AUTO_INCREMENT;

--
-- AUTO_INCREMENT for table `country`
--
ALTER TABLE `country`
  MODIFY `id` int(10) UNSIGNED NOT NULL AUTO_INCREMENT, AUTO_INCREMENT=9;

--
-- AUTO_INCREMENT for table `currency`
--
ALTER TABLE `currency`
  MODIFY `id` bigint(20) UNSIGNED NOT NULL AUTO_INCREMENT, AUTO_INCREMENT=9;

--
-- AUTO_INCREMENT for table `documents`
--
ALTER TABLE `documents`
  MODIFY `id` bigint(20) UNSIGNED NOT NULL AUTO_INCREMENT;

--
-- AUTO_INCREMENT for table `document_detail`
--
ALTER TABLE `document_detail`
  MODIFY `id` bigint(20) UNSIGNED NOT NULL AUTO_INCREMENT;

--
-- AUTO_INCREMENT for table `history_boq`
--
ALTER TABLE `history_boq`
  MODIFY `id` bigint(20) UNSIGNED NOT NULL AUTO_INCREMENT;

--
-- AUTO_INCREMENT for table `issue_management`
--
ALTER TABLE `issue_management`
  MODIFY `id` bigint(20) UNSIGNED NOT NULL AUTO_INCREMENT;

--
-- AUTO_INCREMENT for table `migrations`
--
ALTER TABLE `migrations`
  MODIFY `id` int(10) UNSIGNED NOT NULL AUTO_INCREMENT, AUTO_INCREMENT=38;

--
-- AUTO_INCREMENT for table `mobilization_dates`
--
ALTER TABLE `mobilization_dates`
  MODIFY `id` bigint(20) UNSIGNED NOT NULL AUTO_INCREMENT;

--
-- AUTO_INCREMENT for table `monthly_meeting`
--
ALTER TABLE `monthly_meeting`
  MODIFY `id` bigint(20) UNSIGNED NOT NULL AUTO_INCREMENT;

--
-- AUTO_INCREMENT for table `payment_certificate`
--
ALTER TABLE `payment_certificate`
  MODIFY `id` bigint(20) UNSIGNED NOT NULL AUTO_INCREMENT;

--
-- AUTO_INCREMENT for table `payment_deduction_item`
--
ALTER TABLE `payment_deduction_item`
  MODIFY `id` bigint(20) UNSIGNED NOT NULL AUTO_INCREMENT;

--
-- AUTO_INCREMENT for table `performance_report`
--
ALTER TABLE `performance_report`
  MODIFY `id` bigint(20) UNSIGNED NOT NULL AUTO_INCREMENT;

--
-- AUTO_INCREMENT for table `personil`
--
ALTER TABLE `personil`
  MODIFY `id` bigint(20) UNSIGNED NOT NULL AUTO_INCREMENT, AUTO_INCREMENT=4;

--
-- AUTO_INCREMENT for table `position`
--
ALTER TABLE `position`
  MODIFY `id` int(10) UNSIGNED NOT NULL AUTO_INCREMENT, AUTO_INCREMENT=4;

--
-- AUTO_INCREMENT for table `positioncategory`
--
ALTER TABLE `positioncategory`
  MODIFY `id` int(10) UNSIGNED NOT NULL AUTO_INCREMENT, AUTO_INCREMENT=2;

--
-- AUTO_INCREMENT for table `privilegedname`
--
ALTER TABLE `privilegedname`
  MODIFY `id` bigint(20) UNSIGNED NOT NULL AUTO_INCREMENT, AUTO_INCREMENT=5;

--
-- AUTO_INCREMENT for table `progress_evaluation`
--
ALTER TABLE `progress_evaluation`
  MODIFY `id` bigint(20) UNSIGNED NOT NULL AUTO_INCREMENT;

--
-- AUTO_INCREMENT for table `projects`
--
ALTER TABLE `projects`
  MODIFY `ProjectID` int(10) UNSIGNED NOT NULL AUTO_INCREMENT;

--
-- AUTO_INCREMENT for table `project_numbers`
--
ALTER TABLE `project_numbers`
  MODIFY `id` bigint(20) UNSIGNED NOT NULL AUTO_INCREMENT;

--
-- AUTO_INCREMENT for table `risk_management`
--
ALTER TABLE `risk_management`
  MODIFY `id` bigint(20) UNSIGNED NOT NULL AUTO_INCREMENT;

--
-- AUTO_INCREMENT for table `station_progress`
--
ALTER TABLE `station_progress`
  MODIFY `id` bigint(20) UNSIGNED NOT NULL AUTO_INCREMENT;

--
-- AUTO_INCREMENT for table `sub_station_progress`
--
ALTER TABLE `sub_station_progress`
  MODIFY `id` bigint(20) UNSIGNED NOT NULL AUTO_INCREMENT;

--
-- AUTO_INCREMENT for table `unit`
--
ALTER TABLE `unit`
  MODIFY `id` bigint(20) UNSIGNED NOT NULL AUTO_INCREMENT, AUTO_INCREMENT=8;

--
-- AUTO_INCREMENT for table `user`
--
ALTER TABLE `user`
  MODIFY `id` bigint(20) UNSIGNED NOT NULL AUTO_INCREMENT, AUTO_INCREMENT=8;

--
-- AUTO_INCREMENT for table `userprivileged`
--
ALTER TABLE `userprivileged`
  MODIFY `id` bigint(20) UNSIGNED NOT NULL AUTO_INCREMENT, AUTO_INCREMENT=37;

--
-- AUTO_INCREMENT for table `visual_progress`
--
ALTER TABLE `visual_progress`
  MODIFY `id` bigint(20) UNSIGNED NOT NULL AUTO_INCREMENT;

--
-- AUTO_INCREMENT for table `visual_progress_image`
--
ALTER TABLE `visual_progress_image`
  MODIFY `id` bigint(20) UNSIGNED NOT NULL AUTO_INCREMENT;

--
-- AUTO_INCREMENT for table `wbs_history`
--
ALTER TABLE `wbs_history`
  MODIFY `id` bigint(20) UNSIGNED NOT NULL AUTO_INCREMENT;

--
-- AUTO_INCREMENT for table `weather`
--
ALTER TABLE `weather`
  MODIFY `id` bigint(20) UNSIGNED NOT NULL AUTO_INCREMENT;

--
-- AUTO_INCREMENT for table `weather_info`
--
ALTER TABLE `weather_info`
  MODIFY `id` bigint(20) UNSIGNED NOT NULL AUTO_INCREMENT;

--
-- Constraints for dumped tables
--

--
-- Constraints for table `actual_wbs`
--
ALTER TABLE `actual_wbs`
  ADD CONSTRAINT `actual_wbs_contractorid_foreign` FOREIGN KEY (`contractorID`) REFERENCES `bussinesspartner` (`id`) ON DELETE CASCADE ON UPDATE CASCADE,
  ADD CONSTRAINT `actual_wbs_currencyid_foreign` FOREIGN KEY (`CurrencyID`) REFERENCES `currency` (`id`) ON DELETE CASCADE ON UPDATE CASCADE,
  ADD CONSTRAINT `actual_wbs_projectid_foreign` FOREIGN KEY (`ProjectID`) REFERENCES `projects` (`ProjectID`) ON DELETE CASCADE ON UPDATE CASCADE,
  ADD CONSTRAINT `actual_wbs_unitid_foreign` FOREIGN KEY (`unitID`) REFERENCES `unit` (`id`) ON DELETE CASCADE ON UPDATE CASCADE;

--
-- Constraints for table `baselineboq`
--
ALTER TABLE `baselineboq`
  ADD CONSTRAINT `baselineboq_contractorid_foreign` FOREIGN KEY (`contractorID`) REFERENCES `bussinesspartner` (`id`) ON DELETE CASCADE ON UPDATE CASCADE,
  ADD CONSTRAINT `baselineboq_currencyid_foreign` FOREIGN KEY (`CurrencyID`) REFERENCES `currency` (`id`) ON DELETE CASCADE ON UPDATE CASCADE,
  ADD CONSTRAINT `baselineboq_projectid_foreign` FOREIGN KEY (`ProjectID`) REFERENCES `projects` (`ProjectID`) ON DELETE CASCADE ON UPDATE CASCADE,
  ADD CONSTRAINT `baselineboq_unitid_foreign` FOREIGN KEY (`unitID`) REFERENCES `unit` (`id`) ON DELETE CASCADE ON UPDATE CASCADE;

--
-- Constraints for table `baseline_wbs`
--
ALTER TABLE `baseline_wbs`
  ADD CONSTRAINT `baseline_wbs_contractorid_foreign` FOREIGN KEY (`contractorID`) REFERENCES `bussinesspartner` (`id`) ON DELETE CASCADE ON UPDATE CASCADE,
  ADD CONSTRAINT `baseline_wbs_currencyid_foreign` FOREIGN KEY (`CurrencyID`) REFERENCES `currency` (`id`) ON DELETE CASCADE ON UPDATE CASCADE,
  ADD CONSTRAINT `baseline_wbs_projectid_foreign` FOREIGN KEY (`ProjectID`) REFERENCES `projects` (`ProjectID`) ON DELETE CASCADE ON UPDATE CASCADE,
  ADD CONSTRAINT `baseline_wbs_unitid_foreign` FOREIGN KEY (`unitID`) REFERENCES `unit` (`id`) ON DELETE CASCADE ON UPDATE CASCADE;

--
-- Constraints for table `bussinesspartner`
--
ALTER TABLE `bussinesspartner`
  ADD CONSTRAINT `bussinesspartner_bussinesstypeid_foreign` FOREIGN KEY (`BussinessTypeID`) REFERENCES `bussiness_types` (`id`) ON DELETE CASCADE ON UPDATE CASCADE;

--
-- Constraints for table `city`
--
ALTER TABLE `city`
  ADD CONSTRAINT `city_countryid_foreign` FOREIGN KEY (`CountryID`) REFERENCES `country` (`id`);

--
-- Constraints for table `contractor_equipment`
--
ALTER TABLE `contractor_equipment`
  ADD CONSTRAINT `contractor_equipment_businesspartnerid_foreign` FOREIGN KEY (`BusinessPartnerID`) REFERENCES `bussinesspartner` (`id`) ON DELETE CASCADE ON UPDATE CASCADE,
  ADD CONSTRAINT `contractor_equipment_projectid_foreign` FOREIGN KEY (`ProjectID`) REFERENCES `projects` (`ProjectID`) ON DELETE CASCADE ON UPDATE CASCADE;

--
-- Constraints for table `currency`
--
ALTER TABLE `currency`
  ADD CONSTRAINT `currency_countryid_foreign` FOREIGN KEY (`CountryID`) REFERENCES `country` (`id`) ON DELETE CASCADE ON UPDATE CASCADE;

--
-- Constraints for table `documents`
--
ALTER TABLE `documents`
  ADD CONSTRAINT `documents_projectid_foreign` FOREIGN KEY (`ProjectID`) REFERENCES `projects` (`ProjectID`) ON DELETE CASCADE ON UPDATE CASCADE;

--
-- Constraints for table `document_detail`
--
ALTER TABLE `document_detail`
  ADD CONSTRAINT `document_detail_contractorid_foreign` FOREIGN KEY (`contractorID`) REFERENCES `bussinesspartner` (`id`) ON DELETE CASCADE ON UPDATE CASCADE,
  ADD CONSTRAINT `document_detail_currencyid_foreign` FOREIGN KEY (`CurrencyID`) REFERENCES `currency` (`id`) ON DELETE CASCADE ON UPDATE CASCADE,
  ADD CONSTRAINT `document_detail_projectid_foreign` FOREIGN KEY (`ProjectID`) REFERENCES `projects` (`ProjectID`) ON DELETE CASCADE ON UPDATE CASCADE,
  ADD CONSTRAINT `document_detail_unitid_foreign` FOREIGN KEY (`unitID`) REFERENCES `unit` (`id`) ON DELETE CASCADE ON UPDATE CASCADE;

--
-- Constraints for table `history_boq`
--
ALTER TABLE `history_boq`
  ADD CONSTRAINT `history_boq_contractorid_foreign` FOREIGN KEY (`contractorID`) REFERENCES `bussinesspartner` (`id`) ON DELETE CASCADE ON UPDATE CASCADE,
  ADD CONSTRAINT `history_boq_currencyid_foreign` FOREIGN KEY (`CurrencyID`) REFERENCES `currency` (`id`) ON DELETE CASCADE ON UPDATE CASCADE,
  ADD CONSTRAINT `history_boq_projectid_foreign` FOREIGN KEY (`ProjectID`) REFERENCES `projects` (`ProjectID`) ON DELETE CASCADE ON UPDATE CASCADE,
  ADD CONSTRAINT `history_boq_unitid_foreign` FOREIGN KEY (`unitID`) REFERENCES `unit` (`id`) ON DELETE CASCADE ON UPDATE CASCADE;

--
-- Constraints for table `issue_management`
--
ALTER TABLE `issue_management`
  ADD CONSTRAINT `issue_management_projectid_foreign` FOREIGN KEY (`ProjectID`) REFERENCES `projects` (`ProjectID`) ON DELETE CASCADE ON UPDATE CASCADE;

--
-- Constraints for table `mobilization_dates`
--
ALTER TABLE `mobilization_dates`
  ADD CONSTRAINT `mobilization_dates_projectid_foreign` FOREIGN KEY (`ProjectID`) REFERENCES `projects` (`ProjectID`) ON DELETE CASCADE ON UPDATE CASCADE;

--
-- Constraints for table `monthly_meeting`
--
ALTER TABLE `monthly_meeting`
  ADD CONSTRAINT `monthly_meeting_projectid_foreign` FOREIGN KEY (`ProjectID`) REFERENCES `projects` (`ProjectID`) ON DELETE CASCADE ON UPDATE CASCADE;

--
-- Constraints for table `payment_certificate`
--
ALTER TABLE `payment_certificate`
  ADD CONSTRAINT `payment_certificate_docid_foreign` FOREIGN KEY (`docID`) REFERENCES `documents` (`id`) ON DELETE CASCADE ON UPDATE CASCADE;

--
-- Constraints for table `payment_deduction_item`
--
ALTER TABLE `payment_deduction_item`
  ADD CONSTRAINT `payment_deduction_item_paymentid_foreign` FOREIGN KEY (`PaymentID`) REFERENCES `payment_certificate` (`id`) ON DELETE CASCADE ON UPDATE CASCADE;

--
-- Constraints for table `performance_report`
--
ALTER TABLE `performance_report`
  ADD CONSTRAINT `performance_report_docid_foreign` FOREIGN KEY (`docID`) REFERENCES `documents` (`id`) ON DELETE CASCADE ON UPDATE CASCADE;

--
-- Constraints for table `personil`
--
ALTER TABLE `personil`
  ADD CONSTRAINT `personil_positionid_foreign` FOREIGN KEY (`PositionID`) REFERENCES `position` (`id`) ON DELETE CASCADE ON UPDATE CASCADE;

--
-- Constraints for table `position`
--
ALTER TABLE `position`
  ADD CONSTRAINT `position_positioncatid_foreign` FOREIGN KEY (`PositionCatID`) REFERENCES `positioncategory` (`id`) ON DELETE CASCADE ON UPDATE CASCADE;

--
-- Constraints for table `progress_evaluation`
--
ALTER TABLE `progress_evaluation`
  ADD CONSTRAINT `progress_evaluation_contractorid_foreign` FOREIGN KEY (`contractorID`) REFERENCES `bussinesspartner` (`id`) ON DELETE CASCADE ON UPDATE CASCADE,
  ADD CONSTRAINT `progress_evaluation_docid_foreign` FOREIGN KEY (`docID`) REFERENCES `documents` (`id`) ON DELETE CASCADE ON UPDATE CASCADE,
  ADD CONSTRAINT `progress_evaluation_itemid_foreign` FOREIGN KEY (`ItemID`) REFERENCES `actual_wbs` (`id`),
  ADD CONSTRAINT `progress_evaluation_projectid_foreign` FOREIGN KEY (`ProjectID`) REFERENCES `projects` (`ProjectID`) ON DELETE CASCADE ON UPDATE CASCADE;

--
-- Constraints for table `project_numbers`
--
ALTER TABLE `project_numbers`
  ADD CONSTRAINT `project_numbers_businesspartnerid_foreign` FOREIGN KEY (`BusinessPartnerID`) REFERENCES `bussinesspartner` (`id`) ON DELETE CASCADE ON UPDATE CASCADE,
  ADD CONSTRAINT `project_numbers_projectid_foreign` FOREIGN KEY (`ProjectID`) REFERENCES `projects` (`ProjectID`) ON DELETE CASCADE ON UPDATE CASCADE;

--
-- Constraints for table `risk_management`
--
ALTER TABLE `risk_management`
  ADD CONSTRAINT `risk_management_personilid_foreign` FOREIGN KEY (`PersonilID`) REFERENCES `personil` (`id`) ON DELETE CASCADE ON UPDATE CASCADE,
  ADD CONSTRAINT `risk_management_projectid_foreign` FOREIGN KEY (`ProjectID`) REFERENCES `projects` (`ProjectID`) ON DELETE CASCADE ON UPDATE CASCADE;

--
-- Constraints for table `station_progress`
--
ALTER TABLE `station_progress`
  ADD CONSTRAINT `station_progress_projectid_foreign` FOREIGN KEY (`ProjectID`) REFERENCES `projects` (`ProjectID`) ON DELETE CASCADE ON UPDATE CASCADE;

--
-- Constraints for table `sub_station_progress`
--
ALTER TABLE `sub_station_progress`
  ADD CONSTRAINT `sub_station_progress_stationid_foreign` FOREIGN KEY (`stationID`) REFERENCES `station_progress` (`id`) ON DELETE CASCADE ON UPDATE CASCADE;

--
-- Constraints for table `user`
--
ALTER TABLE `user`
  ADD CONSTRAINT `user_userprofile_foreign` FOREIGN KEY (`UserProfile`) REFERENCES `userprivileged` (`id`) ON DELETE CASCADE ON UPDATE CASCADE;

--
-- Constraints for table `userprivileged`
--
ALTER TABLE `userprivileged`
  ADD CONSTRAINT `userprivileged_privilegednameid_foreign` FOREIGN KEY (`PrivilegedNameID`) REFERENCES `privilegedname` (`id`) ON DELETE CASCADE ON UPDATE CASCADE;

--
-- Constraints for table `visual_progress`
--
ALTER TABLE `visual_progress`
  ADD CONSTRAINT `visual_progress_projectid_foreign` FOREIGN KEY (`projectID`) REFERENCES `projects` (`ProjectID`) ON DELETE CASCADE ON UPDATE CASCADE;

--
-- Constraints for table `visual_progress_image`
--
ALTER TABLE `visual_progress_image`
  ADD CONSTRAINT `visual_progress_image_visualprogressid_foreign` FOREIGN KEY (`visualProgressID`) REFERENCES `visual_progress` (`id`) ON DELETE CASCADE ON UPDATE CASCADE;

--
-- Constraints for table `wbs_history`
--
ALTER TABLE `wbs_history`
  ADD CONSTRAINT `wbs_history_contractorid_foreign` FOREIGN KEY (`contractorID`) REFERENCES `bussinesspartner` (`id`) ON DELETE CASCADE ON UPDATE CASCADE,
  ADD CONSTRAINT `wbs_history_currencyid_foreign` FOREIGN KEY (`CurrencyID`) REFERENCES `currency` (`id`) ON DELETE CASCADE ON UPDATE CASCADE,
  ADD CONSTRAINT `wbs_history_projectid_foreign` FOREIGN KEY (`ProjectID`) REFERENCES `projects` (`ProjectID`) ON DELETE CASCADE ON UPDATE CASCADE,
  ADD CONSTRAINT `wbs_history_unitid_foreign` FOREIGN KEY (`unitID`) REFERENCES `unit` (`id`) ON DELETE CASCADE ON UPDATE CASCADE;
COMMIT;

/*!40101 SET CHARACTER_SET_CLIENT=@OLD_CHARACTER_SET_CLIENT */;
/*!40101 SET CHARACTER_SET_RESULTS=@OLD_CHARACTER_SET_RESULTS */;
/*!40101 SET COLLATION_CONNECTION=@OLD_COLLATION_CONNECTION */;
